-- phpMyAdmin SQL Dump
-- version 5.2.2
-- https://www.phpmyadmin.net/
--
-- Host: localhost:3306
-- Generation Time: Jul 07, 2026 at 07:40 PM
-- Server version: 11.4.12-MariaDB
-- PHP Version: 8.4.22

SET SQL_MODE = "NO_AUTO_VALUE_ON_ZERO";
START TRANSACTION;
SET time_zone = "+00:00";


/*!40101 SET @OLD_CHARACTER_SET_CLIENT=@@CHARACTER_SET_CLIENT */;
/*!40101 SET @OLD_CHARACTER_SET_RESULTS=@@CHARACTER_SET_RESULTS */;
/*!40101 SET @OLD_COLLATION_CONNECTION=@@COLLATION_CONNECTION */;
/*!40101 SET NAMES utf8mb4 */;

--
-- Database: `gkibrmpa_rfidpatrol`
--

-- --------------------------------------------------------

--
-- Table structure for table `jadwal_shift`
--

CREATE TABLE `jadwal_shift` (
  `jadwal_shift_id` int(10) UNSIGNED NOT NULL,
  `tanggal` date NOT NULL,
  `shift_id` int(11) NOT NULL,
  `status_shift` enum('Belum Mulai','Berjalan','Selesai') DEFAULT 'Belum Mulai',
  `warna` varchar(20) DEFAULT '#3b82f6',
  `catatan` text DEFAULT NULL,
  `created_at` timestamp NULL DEFAULT current_timestamp(),
  `petugas_1` int(10) UNSIGNED DEFAULT NULL,
  `petugas_2` int(10) UNSIGNED DEFAULT NULL
) ENGINE=InnoDB DEFAULT CHARSET=utf8mb4 COLLATE=utf8mb4_0900_ai_ci;

--
-- Dumping data for table `jadwal_shift`
--

INSERT INTO `jadwal_shift` (`jadwal_shift_id`, `tanggal`, `shift_id`, `status_shift`, `warna`, `catatan`, `created_at`, `petugas_1`, `petugas_2`) VALUES
(1, '2026-03-01', 1, 'Selesai', '#7c3aed', 'Hari Minggu Pra-Paskah II', '2026-02-20 01:00:00', 8, 9),
(2, '2026-03-01', 2, 'Selesai', '#7c3aed', 'Hari Minggu Pra-Paskah II', '2026-02-20 01:00:00', 10, 11),
(3, '2026-03-01', 3, 'Selesai', '#7c3aed', 'Hari Minggu Pra-Paskah II', '2026-02-20 01:00:00', 12, 13),
(4, '2026-03-02', 1, 'Selesai', '#3b82f6', '', '2026-02-20 01:00:00', 14, 15),
(5, '2026-03-02', 2, 'Selesai', '#f59e0b', '', '2026-02-20 01:00:00', 8, 9),
(6, '2026-03-02', 3, 'Selesai', '#8b5cf6', '', '2026-02-20 01:00:00', 10, 11),
(7, '2026-03-03', 1, 'Selesai', '#3b82f6', '', '2026-02-20 01:00:00', 12, 13),
(8, '2026-03-03', 2, 'Selesai', '#f59e0b', '', '2026-02-20 01:00:00', 14, 15),
(9, '2026-03-03', 3, 'Selesai', '#8b5cf6', '', '2026-02-20 01:00:00', 8, 9),
(10, '2026-03-04', 1, 'Selesai', '#3b82f6', '', '2026-02-20 01:00:00', 10, 11),
(11, '2026-03-04', 2, 'Selesai', '#f59e0b', '', '2026-02-20 01:00:00', 12, 13),
(12, '2026-03-04', 3, 'Selesai', '#8b5cf6', '', '2026-02-20 01:00:00', 14, 15),
(13, '2026-03-05', 1, 'Selesai', '#3b82f6', '', '2026-02-20 01:00:00', 8, 9),
(14, '2026-03-05', 2, 'Selesai', '#f59e0b', '', '2026-02-20 01:00:00', 10, 11),
(15, '2026-03-05', 3, 'Selesai', '#8b5cf6', '', '2026-02-20 01:00:00', 12, 13),
(16, '2026-03-06', 1, 'Selesai', '#3b82f6', '', '2026-02-20 01:00:00', 14, 15),
(17, '2026-03-06', 2, 'Selesai', '#f59e0b', '', '2026-02-20 01:00:00', 8, 9),
(18, '2026-03-06', 3, 'Selesai', '#8b5cf6', '', '2026-02-20 01:00:00', 10, 11),
(19, '2026-03-07', 1, 'Selesai', '#3b82f6', '', '2026-02-20 01:00:00', 12, 13),
(20, '2026-03-07', 2, 'Selesai', '#f59e0b', '', '2026-02-20 01:00:00', 14, 15),
(21, '2026-03-07', 3, 'Selesai', '#8b5cf6', '', '2026-02-20 01:00:00', 8, 9),
(22, '2026-03-08', 1, 'Selesai', '#7c3aed', 'Hari Minggu Pra-Paskah III', '2026-02-20 01:00:00', 10, 11),
(23, '2026-03-08', 2, 'Selesai', '#7c3aed', 'Hari Minggu Pra-Paskah III', '2026-02-20 01:00:00', 12, 13),
(24, '2026-03-08', 3, 'Selesai', '#7c3aed', 'Hari Minggu Pra-Paskah III', '2026-02-20 01:00:00', 14, 15),
(25, '2026-03-09', 1, 'Selesai', '#3b82f6', '', '2026-02-20 01:00:00', 8, 9),
(26, '2026-03-09', 2, 'Selesai', '#f59e0b', '', '2026-02-20 01:00:00', 10, 11),
(27, '2026-03-09', 3, 'Selesai', '#8b5cf6', '', '2026-02-20 01:00:00', 12, 13),
(28, '2026-03-10', 1, 'Selesai', '#3b82f6', '', '2026-02-20 01:00:00', 14, 15),
(29, '2026-03-10', 2, 'Selesai', '#f59e0b', '', '2026-02-20 01:00:00', 8, 9),
(30, '2026-03-10', 3, 'Selesai', '#8b5cf6', '', '2026-02-20 01:00:00', 10, 11),
(31, '2026-03-11', 1, 'Selesai', '#3b82f6', '', '2026-02-20 01:00:00', 12, 13),
(32, '2026-03-11', 2, 'Selesai', '#f59e0b', '', '2026-02-20 01:00:00', 14, 15),
(33, '2026-03-11', 3, 'Selesai', '#8b5cf6', '', '2026-02-20 01:00:00', 8, 9),
(34, '2026-03-12', 1, 'Selesai', '#3b82f6', '', '2026-02-20 01:00:00', 10, 11),
(35, '2026-03-12', 2, 'Selesai', '#f59e0b', '', '2026-02-20 01:00:00', 12, 13),
(36, '2026-03-12', 3, 'Selesai', '#8b5cf6', '', '2026-02-20 01:00:00', 14, 15),
(37, '2026-03-13', 1, 'Selesai', '#3b82f6', '', '2026-02-20 01:00:00', 8, 9),
(38, '2026-03-13', 2, 'Selesai', '#f59e0b', '', '2026-02-20 01:00:00', 10, 11),
(39, '2026-03-13', 3, 'Selesai', '#8b5cf6', '', '2026-02-20 01:00:00', 12, 13),
(40, '2026-03-14', 1, 'Selesai', '#3b82f6', '', '2026-02-20 01:00:00', 14, 15),
(41, '2026-03-14', 2, 'Selesai', '#f59e0b', '', '2026-02-20 01:00:00', 8, 9),
(42, '2026-03-14', 3, 'Selesai', '#8b5cf6', '', '2026-02-20 01:00:00', 10, 11),
(43, '2026-03-15', 1, 'Selesai', '#7c3aed', 'Hari Minggu Pra-Paskah IV', '2026-02-20 01:00:00', 12, 13),
(44, '2026-03-15', 2, 'Selesai', '#7c3aed', 'Hari Minggu Pra-Paskah IV', '2026-02-20 01:00:00', 14, 15),
(45, '2026-03-15', 3, 'Selesai', '#7c3aed', 'Hari Minggu Pra-Paskah IV', '2026-02-20 01:00:00', 8, 9),
(46, '2026-03-16', 1, 'Selesai', '#3b82f6', '', '2026-02-20 01:00:00', 10, 11),
(47, '2026-03-16', 2, 'Selesai', '#f59e0b', '', '2026-02-20 01:00:00', 12, 13),
(48, '2026-03-16', 3, 'Selesai', '#8b5cf6', '', '2026-02-20 01:00:00', 14, 15),
(49, '2026-03-17', 1, 'Selesai', '#3b82f6', '', '2026-02-20 01:00:00', 8, 9),
(50, '2026-03-17', 2, 'Selesai', '#f59e0b', '', '2026-02-20 01:00:00', 10, 11),
(51, '2026-03-17', 3, 'Selesai', '#8b5cf6', '', '2026-02-20 01:00:00', 12, 13),
(52, '2026-03-18', 1, 'Selesai', '#3b82f6', '', '2026-02-20 01:00:00', 14, 15),
(53, '2026-03-18', 2, 'Selesai', '#f59e0b', '', '2026-02-20 01:00:00', 8, 9),
(54, '2026-03-18', 3, 'Selesai', '#8b5cf6', '', '2026-02-20 01:00:00', 10, 11),
(55, '2026-03-19', 1, 'Selesai', '#3b82f6', '', '2026-02-20 01:00:00', 12, 13),
(56, '2026-03-19', 2, 'Selesai', '#f59e0b', '', '2026-02-20 01:00:00', 14, 15),
(57, '2026-03-19', 3, 'Selesai', '#8b5cf6', '', '2026-02-20 01:00:00', 8, 9),
(58, '2026-03-20', 1, 'Selesai', '#3b82f6', '', '2026-02-20 01:00:00', 10, 11),
(59, '2026-03-20', 2, 'Selesai', '#f59e0b', '', '2026-02-20 01:00:00', 12, 13),
(60, '2026-03-20', 3, 'Selesai', '#8b5cf6', '', '2026-02-20 01:00:00', 14, 15),
(61, '2026-03-21', 1, 'Selesai', '#3b82f6', '', '2026-02-20 01:00:00', 8, 9),
(62, '2026-03-21', 2, 'Selesai', '#f59e0b', '', '2026-02-20 01:00:00', 10, 11),
(63, '2026-03-21', 3, 'Selesai', '#8b5cf6', '', '2026-02-20 01:00:00', 12, 13),
(64, '2026-03-22', 1, 'Selesai', '#7c3aed', 'Hari Minggu Pra-Paskah V', '2026-02-20 01:00:00', 14, 15),
(65, '2026-03-22', 2, 'Selesai', '#7c3aed', 'Hari Minggu Pra-Paskah V', '2026-02-20 01:00:00', 8, 9),
(66, '2026-03-22', 3, 'Selesai', '#7c3aed', 'Hari Minggu Pra-Paskah V', '2026-02-20 01:00:00', 10, 11),
(67, '2026-03-23', 1, 'Selesai', '#3b82f6', '', '2026-02-20 01:00:00', 12, 13),
(68, '2026-03-23', 2, 'Selesai', '#f59e0b', '', '2026-02-20 01:00:00', 14, 15),
(69, '2026-03-23', 3, 'Selesai', '#8b5cf6', '', '2026-02-20 01:00:00', 8, 9),
(70, '2026-03-24', 1, 'Selesai', '#3b82f6', '', '2026-02-20 01:00:00', 10, 11),
(71, '2026-03-24', 2, 'Selesai', '#f59e0b', '', '2026-02-20 01:00:00', 12, 13),
(72, '2026-03-24', 3, 'Selesai', '#8b5cf6', '', '2026-02-20 01:00:00', 14, 15),
(73, '2026-03-25', 1, 'Selesai', '#3b82f6', '', '2026-02-20 01:00:00', 8, 9),
(74, '2026-03-25', 2, 'Selesai', '#f59e0b', '', '2026-02-20 01:00:00', 10, 11),
(75, '2026-03-25', 3, 'Selesai', '#8b5cf6', '', '2026-02-20 01:00:00', 12, 13),
(76, '2026-03-26', 1, 'Selesai', '#3b82f6', '', '2026-02-20 01:00:00', 14, 15),
(77, '2026-03-26', 2, 'Selesai', '#f59e0b', '', '2026-02-20 01:00:00', 8, 9),
(78, '2026-03-26', 3, 'Selesai', '#8b5cf6', '', '2026-02-20 01:00:00', 10, 11),
(79, '2026-03-27', 1, 'Selesai', '#3b82f6', '', '2026-02-20 01:00:00', 12, 13),
(80, '2026-03-27', 2, 'Selesai', '#f59e0b', '', '2026-02-20 01:00:00', 14, 15),
(81, '2026-03-27', 3, 'Selesai', '#8b5cf6', '', '2026-02-20 01:00:00', 8, 9),
(82, '2026-03-28', 1, 'Selesai', '#3b82f6', '', '2026-02-20 01:00:00', 10, 11),
(83, '2026-03-28', 2, 'Selesai', '#f59e0b', '', '2026-02-20 01:00:00', 12, 13),
(84, '2026-03-28', 3, 'Selesai', '#8b5cf6', '', '2026-02-20 01:00:00', 14, 15),
(85, '2026-03-29', 1, 'Selesai', '#7c3aed', 'Minggu Palmarum', '2026-02-20 01:00:00', 8, 9),
(86, '2026-03-29', 2, 'Selesai', '#7c3aed', 'Minggu Palmarum', '2026-02-20 01:00:00', 10, 11),
(87, '2026-03-29', 3, 'Selesai', '#7c3aed', 'Minggu Palmarum', '2026-02-20 01:00:00', 12, 13),
(88, '2026-03-30', 1, 'Selesai', '#3b82f6', '', '2026-02-20 01:00:00', 14, 15),
(89, '2026-03-30', 2, 'Selesai', '#f59e0b', '', '2026-02-20 01:00:00', 8, 9),
(90, '2026-03-30', 3, 'Selesai', '#8b5cf6', '', '2026-02-20 01:00:00', 10, 11),
(91, '2026-03-31', 1, 'Selesai', '#3b82f6', '', '2026-02-20 01:00:00', 12, 13),
(92, '2026-03-31', 2, 'Selesai', '#f59e0b', '', '2026-02-20 01:00:00', 14, 15),
(93, '2026-03-31', 3, 'Selesai', '#8b5cf6', '', '2026-02-20 01:00:00', 8, 9),
(94, '2026-06-08', 2, 'Selesai', '#3b82f6', '', '2026-06-08 09:35:10', 9, 10),
(95, '2026-06-11', 1, 'Selesai', '#3b82f6', '', '2026-06-11 06:30:59', 8, 15),
(96, '2026-06-11', 2, 'Selesai', '#3b82f6', '', '2026-06-11 08:25:25', 9, 10),
(98, '2026-07-01', 2, 'Selesai', '#3b82f6', '', '2026-06-30 20:03:21', 8, 10),
(99, '2026-06-30', 3, 'Selesai', '#3b82f6', '', '2026-06-30 22:45:17', 12, 8);

-- --------------------------------------------------------

--
-- Table structure for table `kartu_rfid`
--

CREATE TABLE `kartu_rfid` (
  `kartu_id` int(10) UNSIGNED NOT NULL,
  `user_id` int(10) UNSIGNED DEFAULT NULL,
  `uid_rfid` varchar(100) NOT NULL,
  `status_kartu` enum('Aktif','Cadangan','Hilang','Nonaktif') DEFAULT 'Aktif',
  `created_at` timestamp NULL DEFAULT current_timestamp()
) ENGINE=InnoDB DEFAULT CHARSET=utf8mb4 COLLATE=utf8mb4_0900_ai_ci;

--
-- Dumping data for table `kartu_rfid`
--

INSERT INTO `kartu_rfid` (`kartu_id`, `user_id`, `uid_rfid`, `status_kartu`, `created_at`) VALUES
(1, 8, 'DCB7D505', 'Aktif', '2026-06-01 08:52:02'),
(2, 9, '5645F2B8', 'Aktif', '2026-06-01 08:55:00'),
(3, 10, '965D97B8', 'Aktif', '2026-06-01 08:55:15'),
(4, 11, '66E6CFB8', 'Aktif', '2026-06-01 08:55:33'),
(5, 12, '598CB311', 'Aktif', '2026-06-01 08:55:43'),
(6, 13, '19213E12', 'Aktif', '2026-06-01 08:55:55'),
(7, 14, 'F9AB9604', 'Aktif', '2026-06-01 08:56:08'),
(8, 15, 'E2698604', 'Aktif', '2026-06-01 08:56:23'),
(9, NULL, 'E2698654', 'Nonaktif', '2026-06-30 19:12:29');

-- --------------------------------------------------------

--
-- Table structure for table `log_sistem`
--

CREATE TABLE `log_sistem` (
  `log_id` bigint(20) UNSIGNED NOT NULL,
  `user_id` int(10) UNSIGNED DEFAULT NULL,
  `aksi` varchar(255) NOT NULL,
  `detail` text DEFAULT NULL,
  `ip_address` varchar(100) DEFAULT NULL,
  `waktu_aksi` datetime DEFAULT current_timestamp()
) ENGINE=InnoDB DEFAULT CHARSET=utf8mb4 COLLATE=utf8mb4_0900_ai_ci;

-- --------------------------------------------------------

--
-- Table structure for table `patroli_hasil`
--

CREATE TABLE `patroli_hasil` (
  `id` bigint(20) UNSIGNED NOT NULL,
  `jadwal_shift_id` int(10) UNSIGNED NOT NULL,
  `petugas_id` int(10) UNSIGNED NOT NULL,
  `tanggal` date NOT NULL,
  `patroli_ke` tinyint(4) NOT NULL DEFAULT 1,
  `coverage_persen` decimal(5,2) DEFAULT 0.00,
  `lcs_persen` decimal(5,2) DEFAULT 0.00,
  `jumlah_titik` int(11) DEFAULT 0,
  `jumlah_scan` int(11) DEFAULT 0,
  `status_patroli` enum('Valid','Normal','Warning','Tidak Lengkap') DEFAULT 'Tidak Lengkap',
  `created_at` timestamp NULL DEFAULT current_timestamp(),
  `updated_at` timestamp NULL DEFAULT current_timestamp() ON UPDATE current_timestamp()
) ENGINE=InnoDB DEFAULT CHARSET=utf8mb4 COLLATE=utf8mb4_general_ci;

--
-- Dumping data for table `patroli_hasil`
--

INSERT INTO `patroli_hasil` (`id`, `jadwal_shift_id`, `petugas_id`, `tanggal`, `patroli_ke`, `coverage_persen`, `lcs_persen`, `jumlah_titik`, `jumlah_scan`, `status_patroli`, `created_at`, `updated_at`) VALUES
(1, 1, 8, '2026-03-01', 1, 100.00, 100.00, 6, 6, 'Valid', '2026-06-08 03:28:26', '2026-06-08 03:28:26'),
(2, 1, 8, '2026-03-01', 3, 100.00, 100.00, 6, 6, 'Valid', '2026-06-08 03:28:26', '2026-06-08 03:28:26'),
(3, 1, 9, '2026-03-01', 2, 100.00, 100.00, 6, 6, 'Valid', '2026-06-08 03:28:26', '2026-06-08 03:28:26'),
(4, 1, 9, '2026-03-01', 4, 100.00, 100.00, 6, 6, 'Valid', '2026-06-08 03:28:26', '2026-06-08 03:28:26'),
(5, 2, 10, '2026-03-01', 1, 83.33, 83.33, 6, 5, 'Normal', '2026-06-08 03:28:26', '2026-06-08 03:28:26'),
(6, 2, 10, '2026-03-01', 3, 50.00, 50.00, 6, 3, 'Warning', '2026-06-08 03:28:26', '2026-06-08 03:28:26'),
(7, 2, 11, '2026-03-01', 2, 83.33, 83.33, 6, 5, 'Normal', '2026-06-08 03:28:26', '2026-06-08 03:28:26'),
(8, 2, 11, '2026-03-01', 4, 100.00, 66.67, 6, 6, 'Normal', '2026-06-08 03:28:26', '2026-06-08 03:28:26'),
(9, 3, 12, '2026-03-01', 1, 100.00, 100.00, 6, 6, 'Valid', '2026-06-08 03:28:26', '2026-06-08 03:28:26'),
(10, 3, 13, '2026-03-01', 2, 50.00, 50.00, 6, 3, 'Warning', '2026-06-08 03:28:26', '2026-06-08 03:28:26'),
(11, 4, 14, '2026-03-02', 1, 50.00, 50.00, 6, 3, 'Warning', '2026-06-08 03:28:26', '2026-06-08 03:28:26'),
(12, 4, 14, '2026-03-02', 3, 16.67, 16.67, 6, 1, 'Tidak Lengkap', '2026-06-08 03:28:26', '2026-06-08 03:28:26'),
(13, 4, 15, '2026-03-02', 2, 33.33, 33.33, 6, 2, 'Tidak Lengkap', '2026-06-08 03:28:26', '2026-06-08 03:28:26'),
(14, 6, 10, '2026-03-02', 1, 100.00, 100.00, 6, 6, 'Valid', '2026-06-08 03:28:26', '2026-06-08 03:28:26'),
(15, 6, 10, '2026-03-02', 3, 100.00, 100.00, 6, 6, 'Valid', '2026-06-08 03:28:26', '2026-06-08 03:28:26'),
(16, 6, 11, '2026-03-02', 2, 100.00, 100.00, 6, 6, 'Valid', '2026-06-08 03:28:26', '2026-06-08 03:28:26'),
(17, 6, 11, '2026-03-02', 4, 100.00, 100.00, 6, 6, 'Valid', '2026-06-08 03:28:26', '2026-06-08 03:28:26'),
(18, 7, 12, '2026-03-03', 1, 100.00, 50.00, 6, 6, 'Warning', '2026-06-08 03:28:26', '2026-06-08 03:28:26'),
(19, 7, 12, '2026-03-03', 3, 33.33, 33.33, 6, 2, 'Tidak Lengkap', '2026-06-08 03:28:26', '2026-06-08 03:28:26'),
(20, 7, 13, '2026-03-03', 2, 100.00, 50.00, 6, 6, 'Warning', '2026-06-08 03:28:26', '2026-06-08 03:28:26'),
(21, 8, 14, '2026-03-03', 1, 66.67, 66.67, 6, 4, 'Warning', '2026-06-08 03:28:26', '2026-06-08 03:28:26'),
(22, 8, 14, '2026-03-03', 3, 100.00, 100.00, 6, 6, 'Valid', '2026-06-08 03:28:26', '2026-06-08 03:28:26'),
(23, 8, 15, '2026-03-03', 2, 66.67, 66.67, 6, 4, 'Warning', '2026-06-08 03:28:26', '2026-06-08 03:28:26'),
(24, 8, 15, '2026-03-03', 4, 33.33, 33.33, 6, 2, 'Tidak Lengkap', '2026-06-08 03:28:26', '2026-06-08 03:28:26'),
(25, 9, 8, '2026-03-03', 1, 100.00, 100.00, 6, 6, 'Valid', '2026-06-08 03:28:26', '2026-06-08 03:28:26'),
(26, 9, 9, '2026-03-03', 2, 100.00, 100.00, 6, 6, 'Valid', '2026-06-08 03:28:26', '2026-06-08 03:28:26'),
(27, 11, 12, '2026-03-04', 1, 66.67, 66.67, 6, 4, 'Warning', '2026-06-08 03:28:26', '2026-06-08 03:28:26'),
(28, 11, 12, '2026-03-04', 3, 100.00, 100.00, 6, 6, 'Valid', '2026-06-08 03:28:26', '2026-06-08 03:28:26'),
(29, 11, 13, '2026-03-04', 2, 66.67, 66.67, 6, 4, 'Warning', '2026-06-08 03:28:26', '2026-06-08 03:28:26'),
(30, 11, 13, '2026-03-04', 4, 16.67, 16.67, 6, 1, 'Tidak Lengkap', '2026-06-08 03:28:26', '2026-06-08 03:28:26'),
(31, 12, 14, '2026-03-04', 1, 33.33, 33.33, 6, 2, 'Tidak Lengkap', '2026-06-08 03:28:26', '2026-06-08 03:28:26'),
(32, 12, 15, '2026-03-04', 2, 16.67, 16.67, 6, 1, 'Tidak Lengkap', '2026-06-08 03:28:26', '2026-06-08 03:28:26'),
(33, 13, 8, '2026-03-05', 1, 100.00, 100.00, 6, 6, 'Valid', '2026-06-08 03:28:26', '2026-06-08 03:28:26'),
(34, 13, 8, '2026-03-05', 3, 100.00, 100.00, 6, 6, 'Valid', '2026-06-08 03:28:26', '2026-06-08 03:28:26'),
(35, 13, 9, '2026-03-05', 2, 100.00, 100.00, 6, 6, 'Valid', '2026-06-08 03:28:26', '2026-06-08 03:28:26'),
(36, 13, 9, '2026-03-05', 4, 100.00, 100.00, 6, 6, 'Valid', '2026-06-08 03:28:26', '2026-06-08 03:28:26'),
(37, 14, 10, '2026-03-05', 1, 33.33, 33.33, 6, 2, 'Tidak Lengkap', '2026-06-08 03:28:26', '2026-06-08 03:28:26'),
(38, 14, 10, '2026-03-05', 3, 33.33, 33.33, 6, 2, 'Tidak Lengkap', '2026-06-08 03:28:26', '2026-06-08 03:28:26'),
(39, 14, 11, '2026-03-05', 2, 16.67, 16.67, 6, 1, 'Tidak Lengkap', '2026-06-08 03:28:26', '2026-06-08 03:28:26'),
(40, 15, 12, '2026-03-05', 1, 66.67, 66.67, 6, 4, 'Warning', '2026-06-08 03:28:26', '2026-06-08 03:28:26'),
(41, 15, 12, '2026-03-05', 3, 50.00, 50.00, 6, 3, 'Warning', '2026-06-08 03:28:26', '2026-06-08 03:28:26'),
(42, 15, 13, '2026-03-05', 2, 66.67, 66.67, 6, 4, 'Warning', '2026-06-08 03:28:26', '2026-06-08 03:28:26'),
(43, 15, 13, '2026-03-05', 4, 66.67, 66.67, 6, 4, 'Warning', '2026-06-08 03:28:26', '2026-06-08 03:28:26'),
(44, 16, 14, '2026-03-06', 1, 66.67, 66.67, 6, 4, 'Warning', '2026-06-08 03:28:26', '2026-06-08 03:28:26'),
(45, 16, 14, '2026-03-06', 3, 66.67, 66.67, 6, 4, 'Warning', '2026-06-08 03:28:26', '2026-06-08 03:28:26'),
(46, 16, 15, '2026-03-06', 2, 50.00, 50.00, 6, 3, 'Warning', '2026-06-08 03:28:26', '2026-06-08 03:28:26'),
(47, 17, 8, '2026-03-06', 1, 100.00, 100.00, 6, 6, 'Valid', '2026-06-08 03:28:26', '2026-06-08 03:28:26'),
(48, 17, 9, '2026-03-06', 2, 66.67, 66.67, 6, 4, 'Warning', '2026-06-08 03:28:26', '2026-06-08 03:28:26'),
(49, 19, 12, '2026-03-07', 1, 66.67, 66.67, 6, 4, 'Warning', '2026-06-08 03:28:26', '2026-06-08 03:28:26'),
(50, 19, 13, '2026-03-07', 2, 50.00, 50.00, 6, 3, 'Warning', '2026-06-08 03:28:26', '2026-06-08 03:28:26'),
(51, 20, 14, '2026-03-07', 1, 100.00, 100.00, 6, 6, 'Valid', '2026-06-08 03:28:26', '2026-06-08 03:28:26'),
(52, 20, 14, '2026-03-07', 3, 100.00, 100.00, 6, 6, 'Valid', '2026-06-08 03:28:26', '2026-06-08 03:28:26'),
(53, 20, 15, '2026-03-07', 2, 100.00, 100.00, 6, 6, 'Valid', '2026-06-08 03:28:26', '2026-06-08 03:28:26'),
(54, 20, 15, '2026-03-07', 4, 100.00, 100.00, 6, 6, 'Valid', '2026-06-08 03:28:26', '2026-06-08 03:28:26'),
(55, 21, 8, '2026-03-07', 1, 66.67, 66.67, 6, 4, 'Warning', '2026-06-08 03:28:26', '2026-06-08 03:28:26'),
(56, 21, 8, '2026-03-07', 3, 50.00, 50.00, 6, 3, 'Warning', '2026-06-08 03:28:26', '2026-06-08 03:28:26'),
(57, 21, 9, '2026-03-07', 2, 50.00, 50.00, 6, 3, 'Warning', '2026-06-08 03:28:26', '2026-06-08 03:28:26'),
(58, 22, 10, '2026-03-08', 1, 100.00, 100.00, 6, 6, 'Valid', '2026-06-08 03:28:26', '2026-06-08 03:28:26'),
(59, 22, 10, '2026-03-08', 3, 100.00, 100.00, 6, 6, 'Valid', '2026-06-08 03:28:26', '2026-06-08 03:28:26'),
(60, 22, 11, '2026-03-08', 2, 100.00, 100.00, 6, 6, 'Valid', '2026-06-08 03:28:26', '2026-06-08 03:28:26'),
(61, 22, 11, '2026-03-08', 4, 100.00, 100.00, 6, 6, 'Valid', '2026-06-08 03:28:26', '2026-06-08 03:28:26'),
(62, 23, 12, '2026-03-08', 1, 66.67, 66.67, 6, 4, 'Warning', '2026-06-08 03:28:26', '2026-06-08 03:28:26'),
(63, 23, 12, '2026-03-08', 3, 66.67, 66.67, 6, 4, 'Warning', '2026-06-08 03:28:26', '2026-06-08 03:28:26'),
(64, 23, 13, '2026-03-08', 2, 66.67, 66.67, 6, 4, 'Warning', '2026-06-08 03:28:26', '2026-06-08 03:28:26'),
(65, 23, 13, '2026-03-08', 4, 33.33, 33.33, 6, 2, 'Tidak Lengkap', '2026-06-08 03:28:26', '2026-06-08 03:28:26'),
(66, 24, 14, '2026-03-08', 1, 33.33, 33.33, 6, 2, 'Tidak Lengkap', '2026-06-08 03:28:26', '2026-06-08 03:28:26'),
(67, 24, 15, '2026-03-08', 2, 16.67, 16.67, 6, 1, 'Tidak Lengkap', '2026-06-08 03:28:26', '2026-06-08 03:28:26'),
(68, 25, 8, '2026-03-09', 1, 66.67, 66.67, 6, 4, 'Warning', '2026-06-08 03:28:26', '2026-06-08 03:28:26'),
(69, 25, 8, '2026-03-09', 3, 66.67, 66.67, 6, 4, 'Warning', '2026-06-08 03:28:26', '2026-06-08 03:28:26'),
(70, 25, 9, '2026-03-09', 2, 66.67, 66.67, 6, 4, 'Warning', '2026-06-08 03:28:26', '2026-06-08 03:28:26'),
(71, 26, 10, '2026-03-09', 1, 50.00, 50.00, 6, 3, 'Warning', '2026-06-08 03:28:26', '2026-06-08 03:28:26'),
(72, 26, 10, '2026-03-09', 3, 100.00, 100.00, 6, 6, 'Valid', '2026-06-08 03:28:26', '2026-06-08 03:28:26'),
(73, 26, 11, '2026-03-09', 2, 66.67, 66.67, 6, 4, 'Warning', '2026-06-08 03:28:26', '2026-06-08 03:28:26'),
(74, 27, 12, '2026-03-09', 1, 50.00, 50.00, 6, 3, 'Warning', '2026-06-08 03:28:26', '2026-06-08 03:28:26'),
(75, 27, 12, '2026-03-09', 3, 50.00, 50.00, 6, 3, 'Warning', '2026-06-08 03:28:26', '2026-06-08 03:28:26'),
(76, 27, 13, '2026-03-09', 2, 66.67, 66.67, 6, 4, 'Warning', '2026-06-08 03:28:26', '2026-06-08 03:28:26'),
(77, 28, 14, '2026-03-10', 1, 100.00, 100.00, 6, 6, 'Valid', '2026-06-08 03:28:26', '2026-06-08 03:28:26'),
(78, 28, 14, '2026-03-10', 3, 100.00, 100.00, 6, 6, 'Valid', '2026-06-08 03:28:26', '2026-06-08 03:28:26'),
(79, 28, 15, '2026-03-10', 2, 100.00, 100.00, 6, 6, 'Valid', '2026-06-08 03:28:26', '2026-06-08 03:28:26'),
(80, 30, 10, '2026-03-10', 1, 100.00, 33.33, 6, 6, 'Warning', '2026-06-08 03:28:26', '2026-06-08 03:28:26'),
(81, 30, 11, '2026-03-10', 2, 100.00, 33.33, 6, 6, 'Warning', '2026-06-08 03:28:26', '2026-06-08 03:28:26'),
(82, 31, 12, '2026-03-11', 1, 50.00, 50.00, 6, 3, 'Warning', '2026-06-08 03:28:26', '2026-06-08 03:28:26'),
(83, 31, 12, '2026-03-11', 3, 83.33, 83.33, 6, 5, 'Normal', '2026-06-08 03:28:26', '2026-06-08 03:28:26'),
(84, 31, 13, '2026-03-11', 2, 66.67, 66.67, 6, 4, 'Warning', '2026-06-08 03:28:26', '2026-06-08 03:28:26'),
(85, 32, 14, '2026-03-11', 1, 33.33, 33.33, 6, 2, 'Tidak Lengkap', '2026-06-08 03:28:26', '2026-06-08 03:28:26'),
(86, 32, 15, '2026-03-11', 2, 33.33, 33.33, 6, 2, 'Tidak Lengkap', '2026-06-08 03:28:26', '2026-06-08 03:28:26'),
(87, 33, 8, '2026-03-11', 1, 100.00, 100.00, 6, 6, 'Valid', '2026-06-08 03:28:26', '2026-06-08 03:28:26'),
(88, 33, 8, '2026-03-11', 3, 100.00, 100.00, 6, 6, 'Valid', '2026-06-08 03:28:26', '2026-06-08 03:28:26'),
(89, 33, 9, '2026-03-11', 2, 100.00, 100.00, 6, 6, 'Valid', '2026-06-08 03:28:26', '2026-06-08 03:28:26'),
(90, 33, 9, '2026-03-11', 4, 100.00, 100.00, 6, 6, 'Valid', '2026-06-08 03:28:26', '2026-06-08 03:28:26'),
(91, 34, 10, '2026-03-12', 1, 33.33, 33.33, 6, 2, 'Tidak Lengkap', '2026-06-08 03:28:26', '2026-06-08 03:28:26'),
(92, 34, 10, '2026-03-12', 3, 16.67, 16.67, 6, 1, 'Tidak Lengkap', '2026-06-08 03:28:26', '2026-06-08 03:28:26'),
(93, 34, 11, '2026-03-12', 2, 16.67, 16.67, 6, 1, 'Tidak Lengkap', '2026-06-08 03:28:26', '2026-06-08 03:28:26'),
(94, 35, 12, '2026-03-12', 1, 50.00, 50.00, 6, 3, 'Warning', '2026-06-08 03:28:26', '2026-06-08 03:28:26'),
(95, 35, 12, '2026-03-12', 3, 66.67, 66.67, 6, 4, 'Warning', '2026-06-08 03:28:26', '2026-06-08 03:28:26'),
(96, 35, 13, '2026-03-12', 2, 50.00, 50.00, 6, 3, 'Warning', '2026-06-08 03:28:26', '2026-06-08 03:28:26'),
(97, 35, 13, '2026-03-12', 4, 33.33, 33.33, 6, 2, 'Tidak Lengkap', '2026-06-08 03:28:26', '2026-06-08 03:28:26'),
(98, 36, 14, '2026-03-12', 1, 50.00, 50.00, 6, 3, 'Warning', '2026-06-08 03:28:26', '2026-06-08 03:28:26'),
(99, 36, 15, '2026-03-12', 2, 33.33, 33.33, 6, 2, 'Tidak Lengkap', '2026-06-08 03:28:26', '2026-06-08 03:28:26'),
(100, 37, 8, '2026-03-13', 1, 100.00, 100.00, 6, 6, 'Valid', '2026-06-08 03:28:26', '2026-06-08 03:28:26'),
(101, 37, 8, '2026-03-13', 3, 100.00, 100.00, 6, 6, 'Valid', '2026-06-08 03:28:26', '2026-06-08 03:28:26'),
(102, 37, 9, '2026-03-13', 2, 100.00, 100.00, 6, 6, 'Valid', '2026-06-08 03:28:26', '2026-06-08 03:28:26'),
(103, 38, 10, '2026-03-13', 1, 50.00, 50.00, 6, 3, 'Warning', '2026-06-08 03:28:26', '2026-06-08 03:28:26'),
(104, 38, 10, '2026-03-13', 3, 83.33, 83.33, 6, 5, 'Normal', '2026-06-08 03:28:26', '2026-06-08 03:28:26'),
(105, 38, 11, '2026-03-13', 2, 50.00, 50.00, 6, 3, 'Warning', '2026-06-08 03:28:26', '2026-06-08 03:28:26'),
(106, 40, 14, '2026-03-14', 1, 66.67, 66.67, 6, 4, 'Warning', '2026-06-08 03:28:26', '2026-06-08 03:28:26'),
(107, 40, 14, '2026-03-14', 3, 83.33, 83.33, 6, 5, 'Normal', '2026-06-08 03:28:26', '2026-06-08 03:28:26'),
(108, 40, 15, '2026-03-14', 2, 66.67, 66.67, 6, 4, 'Warning', '2026-06-08 03:28:26', '2026-06-08 03:28:26'),
(109, 41, 8, '2026-03-14', 1, 100.00, 100.00, 6, 6, 'Valid', '2026-06-08 03:28:26', '2026-06-08 03:28:26'),
(110, 41, 8, '2026-03-14', 3, 100.00, 100.00, 6, 6, 'Valid', '2026-06-08 03:28:26', '2026-06-08 03:28:26'),
(111, 41, 9, '2026-03-14', 2, 100.00, 100.00, 6, 6, 'Valid', '2026-06-08 03:28:26', '2026-06-08 03:28:26'),
(112, 41, 9, '2026-03-14', 4, 100.00, 100.00, 6, 6, 'Valid', '2026-06-08 03:28:26', '2026-06-08 03:28:26'),
(113, 42, 10, '2026-03-14', 1, 50.00, 50.00, 6, 3, 'Warning', '2026-06-08 03:28:26', '2026-06-08 03:28:26'),
(114, 42, 10, '2026-03-14', 3, 66.67, 66.67, 6, 4, 'Warning', '2026-06-08 03:28:26', '2026-06-08 03:28:26'),
(115, 42, 11, '2026-03-14', 2, 50.00, 50.00, 6, 3, 'Warning', '2026-06-08 03:28:26', '2026-06-08 03:28:26'),
(116, 43, 12, '2026-03-15', 1, 66.67, 66.67, 6, 4, 'Warning', '2026-06-08 03:28:26', '2026-06-08 03:28:26'),
(117, 43, 12, '2026-03-15', 3, 66.67, 66.67, 6, 4, 'Warning', '2026-06-08 03:28:26', '2026-06-08 03:28:26'),
(118, 43, 13, '2026-03-15', 2, 50.00, 50.00, 6, 3, 'Warning', '2026-06-08 03:28:26', '2026-06-08 03:28:26'),
(119, 44, 14, '2026-03-15', 1, 50.00, 50.00, 6, 3, 'Warning', '2026-06-08 03:28:26', '2026-06-08 03:28:26'),
(120, 44, 14, '2026-03-15', 3, 100.00, 100.00, 6, 6, 'Valid', '2026-06-08 03:28:26', '2026-06-08 03:28:26'),
(121, 44, 15, '2026-03-15', 2, 66.67, 66.67, 6, 4, 'Warning', '2026-06-08 03:28:26', '2026-06-08 03:28:26'),
(122, 45, 8, '2026-03-15', 1, 50.00, 50.00, 6, 3, 'Warning', '2026-06-08 03:28:26', '2026-06-08 03:28:26'),
(123, 45, 8, '2026-03-15', 3, 66.67, 66.67, 6, 4, 'Warning', '2026-06-08 03:28:26', '2026-06-08 03:28:26'),
(124, 45, 9, '2026-03-15', 2, 50.00, 50.00, 6, 3, 'Warning', '2026-06-08 03:28:26', '2026-06-08 03:28:26'),
(125, 46, 10, '2026-03-16', 1, 50.00, 50.00, 6, 3, 'Warning', '2026-06-08 03:28:26', '2026-06-08 03:28:26'),
(126, 46, 10, '2026-03-16', 3, 50.00, 50.00, 6, 3, 'Warning', '2026-06-08 03:28:26', '2026-06-08 03:28:26'),
(127, 46, 11, '2026-03-16', 2, 66.67, 66.67, 6, 4, 'Warning', '2026-06-08 03:28:26', '2026-06-08 03:28:26'),
(128, 47, 12, '2026-03-16', 1, 50.00, 50.00, 6, 3, 'Warning', '2026-06-08 03:28:26', '2026-06-08 03:28:26'),
(129, 47, 12, '2026-03-16', 3, 100.00, 100.00, 6, 6, 'Valid', '2026-06-08 03:28:26', '2026-06-08 03:28:26'),
(130, 47, 13, '2026-03-16', 2, 50.00, 50.00, 6, 3, 'Warning', '2026-06-08 03:28:26', '2026-06-08 03:28:26'),
(131, 49, 8, '2026-03-17', 1, 66.67, 66.67, 6, 4, 'Warning', '2026-06-08 03:28:26', '2026-06-08 03:28:26'),
(132, 49, 9, '2026-03-17', 2, 100.00, 100.00, 6, 6, 'Valid', '2026-06-08 03:28:26', '2026-06-08 03:28:26'),
(133, 50, 10, '2026-03-17', 1, 33.33, 33.33, 6, 2, 'Tidak Lengkap', '2026-06-08 03:28:26', '2026-06-08 03:28:26'),
(134, 50, 10, '2026-03-17', 3, 100.00, 100.00, 6, 6, 'Valid', '2026-06-08 03:28:27', '2026-06-08 03:28:27'),
(135, 50, 11, '2026-03-17', 2, 50.00, 50.00, 6, 3, 'Warning', '2026-06-08 03:28:27', '2026-06-08 03:28:27'),
(136, 51, 12, '2026-03-17', 1, 50.00, 50.00, 6, 3, 'Warning', '2026-06-08 03:28:27', '2026-06-08 03:28:27'),
(137, 51, 12, '2026-03-17', 3, 100.00, 100.00, 6, 6, 'Valid', '2026-06-08 03:28:27', '2026-06-08 03:28:27'),
(138, 51, 13, '2026-03-17', 2, 33.33, 33.33, 6, 2, 'Tidak Lengkap', '2026-06-08 03:28:27', '2026-06-08 03:28:27'),
(139, 52, 14, '2026-03-18', 1, 50.00, 50.00, 6, 3, 'Warning', '2026-06-08 03:28:27', '2026-06-08 03:28:27'),
(140, 52, 14, '2026-03-18', 3, 50.00, 50.00, 6, 3, 'Warning', '2026-06-08 03:28:27', '2026-06-08 03:28:27'),
(141, 52, 15, '2026-03-18', 2, 100.00, 100.00, 6, 6, 'Valid', '2026-06-08 03:28:27', '2026-06-08 03:28:27'),
(142, 53, 8, '2026-03-18', 1, 66.67, 66.67, 6, 4, 'Warning', '2026-06-08 03:28:27', '2026-06-08 03:28:27'),
(143, 53, 9, '2026-03-18', 2, 50.00, 50.00, 6, 3, 'Warning', '2026-06-08 03:28:27', '2026-06-08 03:28:27'),
(144, 54, 10, '2026-03-18', 1, 66.67, 66.67, 6, 4, 'Warning', '2026-06-08 03:28:27', '2026-06-08 03:28:27'),
(145, 54, 10, '2026-03-18', 3, 83.33, 83.33, 6, 5, 'Normal', '2026-06-08 03:28:27', '2026-06-08 03:28:27'),
(146, 54, 11, '2026-03-18', 2, 33.33, 33.33, 6, 2, 'Tidak Lengkap', '2026-06-08 03:28:27', '2026-06-08 03:28:27'),
(147, 55, 12, '2026-03-19', 1, 100.00, 100.00, 6, 6, 'Valid', '2026-06-08 03:28:27', '2026-06-08 03:28:27'),
(148, 55, 13, '2026-03-19', 2, 100.00, 100.00, 6, 6, 'Valid', '2026-06-08 03:28:27', '2026-06-08 03:28:27'),
(149, 56, 14, '2026-03-19', 1, 33.33, 33.33, 6, 2, 'Tidak Lengkap', '2026-06-08 03:28:27', '2026-06-08 03:28:27'),
(150, 56, 15, '2026-03-19', 2, 16.67, 16.67, 6, 1, 'Tidak Lengkap', '2026-06-08 03:28:27', '2026-06-08 03:28:27'),
(151, 57, 8, '2026-03-19', 1, 100.00, 100.00, 6, 6, 'Valid', '2026-06-08 03:28:27', '2026-06-08 03:28:27'),
(152, 57, 8, '2026-03-19', 3, 100.00, 100.00, 6, 6, 'Valid', '2026-06-08 03:28:27', '2026-06-08 03:28:27'),
(153, 57, 9, '2026-03-19', 2, 100.00, 100.00, 6, 6, 'Valid', '2026-06-08 03:28:27', '2026-06-08 03:28:27'),
(154, 58, 10, '2026-03-20', 1, 50.00, 50.00, 6, 3, 'Warning', '2026-06-08 03:28:27', '2026-06-08 03:28:27'),
(155, 58, 10, '2026-03-20', 3, 83.33, 83.33, 6, 5, 'Normal', '2026-06-08 03:28:27', '2026-06-08 03:28:27'),
(156, 58, 11, '2026-03-20', 2, 66.67, 66.67, 6, 4, 'Warning', '2026-06-08 03:28:27', '2026-06-08 03:28:27'),
(157, 59, 12, '2026-03-20', 1, 66.67, 66.67, 6, 4, 'Warning', '2026-06-08 03:28:27', '2026-06-08 03:28:27'),
(158, 59, 12, '2026-03-20', 3, 50.00, 50.00, 6, 3, 'Warning', '2026-06-08 03:28:27', '2026-06-08 03:28:27'),
(159, 59, 13, '2026-03-20', 2, 50.00, 50.00, 6, 3, 'Warning', '2026-06-08 03:28:27', '2026-06-08 03:28:27'),
(160, 60, 14, '2026-03-20', 1, 33.33, 33.33, 6, 2, 'Tidak Lengkap', '2026-06-08 03:28:27', '2026-06-08 03:28:27'),
(161, 60, 15, '2026-03-20', 2, 16.67, 16.67, 6, 1, 'Tidak Lengkap', '2026-06-08 03:28:27', '2026-06-08 03:28:27'),
(162, 61, 8, '2026-03-21', 1, 66.67, 66.67, 6, 4, 'Warning', '2026-06-08 03:28:27', '2026-06-08 03:28:27'),
(163, 61, 8, '2026-03-21', 3, 100.00, 100.00, 6, 6, 'Valid', '2026-06-08 03:28:27', '2026-06-08 03:28:27'),
(164, 61, 9, '2026-03-21', 2, 100.00, 100.00, 6, 6, 'Valid', '2026-06-08 03:28:27', '2026-06-08 03:28:27'),
(165, 62, 10, '2026-03-21', 1, 66.67, 66.67, 6, 4, 'Warning', '2026-06-08 03:28:27', '2026-06-08 03:28:27'),
(166, 62, 10, '2026-03-21', 3, 100.00, 100.00, 6, 6, 'Valid', '2026-06-08 03:28:27', '2026-06-08 03:28:27'),
(167, 62, 11, '2026-03-21', 2, 50.00, 50.00, 6, 3, 'Warning', '2026-06-08 03:28:27', '2026-06-08 03:28:27'),
(168, 64, 14, '2026-03-22', 1, 100.00, 100.00, 6, 6, 'Valid', '2026-06-08 03:28:27', '2026-06-08 03:28:27'),
(169, 64, 14, '2026-03-22', 3, 100.00, 100.00, 6, 6, 'Valid', '2026-06-08 03:28:27', '2026-06-08 03:28:27'),
(170, 64, 15, '2026-03-22', 2, 100.00, 100.00, 6, 6, 'Valid', '2026-06-08 03:28:27', '2026-06-08 03:28:27'),
(171, 65, 8, '2026-03-22', 1, 50.00, 50.00, 6, 3, 'Warning', '2026-06-08 03:28:27', '2026-06-08 03:28:27'),
(172, 65, 8, '2026-03-22', 3, 100.00, 100.00, 6, 6, 'Valid', '2026-06-08 03:28:27', '2026-06-08 03:28:27'),
(173, 65, 9, '2026-03-22', 2, 50.00, 50.00, 6, 3, 'Warning', '2026-06-08 03:28:27', '2026-06-08 03:28:27'),
(174, 66, 10, '2026-03-22', 1, 66.67, 66.67, 6, 4, 'Warning', '2026-06-08 03:28:27', '2026-06-08 03:28:27'),
(175, 66, 10, '2026-03-22', 3, 50.00, 50.00, 6, 3, 'Warning', '2026-06-08 03:28:27', '2026-06-08 03:28:27'),
(176, 66, 11, '2026-03-22', 2, 50.00, 50.00, 6, 3, 'Warning', '2026-06-08 03:28:27', '2026-06-08 03:28:27'),
(177, 67, 12, '2026-03-23', 1, 50.00, 50.00, 6, 3, 'Warning', '2026-06-08 03:28:27', '2026-06-08 03:28:27'),
(178, 67, 12, '2026-03-23', 3, 66.67, 66.67, 6, 4, 'Warning', '2026-06-08 03:28:27', '2026-06-08 03:28:27'),
(179, 67, 13, '2026-03-23', 2, 50.00, 50.00, 6, 3, 'Warning', '2026-06-08 03:28:27', '2026-06-08 03:28:27'),
(180, 68, 14, '2026-03-23', 1, 50.00, 50.00, 6, 3, 'Warning', '2026-06-08 03:28:27', '2026-06-08 03:28:27'),
(181, 68, 14, '2026-03-23', 3, 100.00, 100.00, 6, 6, 'Valid', '2026-06-08 03:28:27', '2026-06-08 03:28:27'),
(182, 68, 15, '2026-03-23', 2, 50.00, 50.00, 6, 3, 'Warning', '2026-06-08 03:28:27', '2026-06-08 03:28:27'),
(183, 69, 8, '2026-03-23', 1, 100.00, 100.00, 6, 6, 'Valid', '2026-06-08 03:28:27', '2026-06-08 03:28:27'),
(184, 69, 8, '2026-03-23', 3, 100.00, 100.00, 6, 6, 'Valid', '2026-06-08 03:28:27', '2026-06-08 03:28:27'),
(185, 69, 9, '2026-03-23', 2, 100.00, 100.00, 6, 6, 'Valid', '2026-06-08 03:28:27', '2026-06-08 03:28:27'),
(186, 70, 10, '2026-03-24', 1, 33.33, 33.33, 6, 2, 'Tidak Lengkap', '2026-06-08 03:28:27', '2026-06-08 03:28:27'),
(187, 70, 11, '2026-03-24', 2, 33.33, 33.33, 6, 2, 'Tidak Lengkap', '2026-06-08 03:28:27', '2026-06-08 03:28:27'),
(188, 71, 12, '2026-03-24', 1, 66.67, 66.67, 6, 4, 'Warning', '2026-06-08 03:28:27', '2026-06-08 03:28:27'),
(189, 71, 12, '2026-03-24', 3, 100.00, 100.00, 6, 6, 'Valid', '2026-06-08 03:28:27', '2026-06-08 03:28:27'),
(190, 71, 13, '2026-03-24', 2, 50.00, 50.00, 6, 3, 'Warning', '2026-06-08 03:28:27', '2026-06-08 03:28:27'),
(191, 72, 14, '2026-03-24', 1, 16.67, 16.67, 6, 1, 'Tidak Lengkap', '2026-06-08 03:28:27', '2026-06-08 03:28:27'),
(192, 72, 15, '2026-03-24', 2, 16.67, 16.67, 6, 1, 'Tidak Lengkap', '2026-06-08 03:28:27', '2026-06-08 03:28:27'),
(193, 73, 8, '2026-03-25', 1, 100.00, 100.00, 6, 6, 'Valid', '2026-06-08 03:28:27', '2026-06-08 03:28:27'),
(194, 73, 8, '2026-03-25', 3, 100.00, 100.00, 6, 6, 'Valid', '2026-06-08 03:28:27', '2026-06-08 03:28:27'),
(195, 73, 9, '2026-03-25', 2, 100.00, 100.00, 6, 6, 'Valid', '2026-06-08 03:28:27', '2026-06-08 03:28:27'),
(196, 74, 10, '2026-03-25', 1, 50.00, 50.00, 6, 3, 'Warning', '2026-06-08 03:28:27', '2026-06-08 03:28:27'),
(197, 74, 10, '2026-03-25', 3, 66.67, 66.67, 6, 4, 'Warning', '2026-06-08 03:28:27', '2026-06-08 03:28:27'),
(198, 74, 11, '2026-03-25', 2, 50.00, 50.00, 6, 3, 'Warning', '2026-06-08 03:28:27', '2026-06-08 03:28:27'),
(199, 75, 12, '2026-03-25', 1, 50.00, 50.00, 6, 3, 'Warning', '2026-06-08 03:28:27', '2026-06-08 03:28:27'),
(200, 75, 12, '2026-03-25', 3, 66.67, 66.67, 6, 4, 'Warning', '2026-06-08 03:28:27', '2026-06-08 03:28:27'),
(201, 75, 13, '2026-03-25', 2, 50.00, 50.00, 6, 3, 'Warning', '2026-06-08 03:28:27', '2026-06-08 03:28:27'),
(202, 76, 14, '2026-03-26', 1, 66.67, 66.67, 6, 4, 'Warning', '2026-06-08 03:28:27', '2026-06-08 03:28:27'),
(203, 76, 14, '2026-03-26', 3, 50.00, 50.00, 6, 3, 'Warning', '2026-06-08 03:28:27', '2026-06-08 03:28:27'),
(204, 76, 15, '2026-03-26', 2, 50.00, 50.00, 6, 3, 'Warning', '2026-06-08 03:28:27', '2026-06-08 03:28:27'),
(205, 77, 8, '2026-03-26', 1, 100.00, 100.00, 6, 6, 'Valid', '2026-06-08 03:28:27', '2026-06-08 03:28:27'),
(206, 77, 8, '2026-03-26', 3, 100.00, 100.00, 6, 6, 'Valid', '2026-06-08 03:28:27', '2026-06-08 03:28:27'),
(207, 77, 9, '2026-03-26', 2, 100.00, 100.00, 6, 6, 'Valid', '2026-06-08 03:28:27', '2026-06-08 03:28:27'),
(208, 79, 12, '2026-03-27', 1, 100.00, 33.33, 6, 6, 'Warning', '2026-06-08 03:28:27', '2026-06-08 03:28:27'),
(209, 79, 13, '2026-03-27', 2, 66.67, 33.33, 6, 4, 'Warning', '2026-06-08 03:28:27', '2026-06-08 03:28:27'),
(210, 80, 14, '2026-03-27', 1, 50.00, 50.00, 6, 3, 'Warning', '2026-06-08 03:28:27', '2026-06-08 03:28:27'),
(211, 80, 14, '2026-03-27', 3, 83.33, 83.33, 6, 5, 'Normal', '2026-06-08 03:28:27', '2026-06-08 03:28:27'),
(212, 80, 15, '2026-03-27', 2, 66.67, 66.67, 6, 4, 'Warning', '2026-06-08 03:28:27', '2026-06-08 03:28:27'),
(213, 81, 8, '2026-03-27', 1, 100.00, 100.00, 6, 6, 'Valid', '2026-06-08 03:28:27', '2026-06-08 03:28:27'),
(214, 81, 8, '2026-03-27', 3, 100.00, 100.00, 6, 6, 'Valid', '2026-06-08 03:28:27', '2026-06-08 03:28:27'),
(215, 81, 9, '2026-03-27', 2, 100.00, 100.00, 6, 6, 'Valid', '2026-06-08 03:28:27', '2026-06-08 03:28:27'),
(216, 81, 9, '2026-03-27', 4, 100.00, 100.00, 6, 6, 'Valid', '2026-06-08 03:28:27', '2026-06-08 03:28:27'),
(217, 82, 10, '2026-03-28', 1, 50.00, 50.00, 6, 3, 'Warning', '2026-06-08 03:28:27', '2026-06-08 03:28:27'),
(218, 82, 10, '2026-03-28', 3, 100.00, 100.00, 6, 6, 'Valid', '2026-06-08 03:28:27', '2026-06-08 03:28:27'),
(219, 82, 11, '2026-03-28', 2, 50.00, 50.00, 6, 3, 'Warning', '2026-06-08 03:28:27', '2026-06-08 03:28:27'),
(220, 83, 12, '2026-03-28', 1, 66.67, 66.67, 6, 4, 'Warning', '2026-06-08 03:28:27', '2026-06-08 03:28:27'),
(221, 83, 12, '2026-03-28', 3, 100.00, 100.00, 6, 6, 'Valid', '2026-06-08 03:28:27', '2026-06-08 03:28:27'),
(222, 83, 13, '2026-03-28', 2, 50.00, 50.00, 6, 3, 'Warning', '2026-06-08 03:28:27', '2026-06-08 03:28:27'),
(223, 84, 14, '2026-03-28', 1, 50.00, 50.00, 6, 3, 'Warning', '2026-06-08 03:28:28', '2026-06-08 03:28:28'),
(224, 84, 15, '2026-03-28', 2, 33.33, 33.33, 6, 2, 'Tidak Lengkap', '2026-06-08 03:28:28', '2026-06-08 03:28:28'),
(225, 85, 8, '2026-03-29', 1, 100.00, 100.00, 6, 6, 'Valid', '2026-06-08 03:28:28', '2026-06-08 03:28:28'),
(226, 85, 8, '2026-03-29', 3, 100.00, 100.00, 6, 6, 'Valid', '2026-06-08 03:28:28', '2026-06-08 03:28:28'),
(227, 85, 9, '2026-03-29', 2, 100.00, 100.00, 6, 6, 'Valid', '2026-06-08 03:28:28', '2026-06-08 03:28:28'),
(228, 85, 9, '2026-03-29', 4, 100.00, 100.00, 6, 6, 'Valid', '2026-06-08 03:28:28', '2026-06-08 03:28:28'),
(229, 86, 10, '2026-03-29', 1, 66.67, 66.67, 6, 4, 'Warning', '2026-06-08 03:28:28', '2026-06-08 03:28:28'),
(230, 86, 10, '2026-03-29', 3, 100.00, 100.00, 6, 6, 'Valid', '2026-06-08 03:28:28', '2026-06-08 03:28:28'),
(231, 86, 11, '2026-03-29', 2, 50.00, 50.00, 6, 3, 'Warning', '2026-06-08 03:28:28', '2026-06-08 03:28:28'),
(232, 87, 12, '2026-03-29', 1, 66.67, 66.67, 6, 4, 'Warning', '2026-06-08 03:28:28', '2026-06-08 03:28:28'),
(233, 87, 12, '2026-03-29', 3, 50.00, 50.00, 6, 3, 'Warning', '2026-06-08 03:28:28', '2026-06-08 03:28:28'),
(234, 87, 13, '2026-03-29', 2, 50.00, 50.00, 6, 3, 'Warning', '2026-06-08 03:28:28', '2026-06-08 03:28:28'),
(235, 88, 14, '2026-03-30', 1, 50.00, 50.00, 6, 3, 'Warning', '2026-06-08 03:28:28', '2026-06-08 03:28:28'),
(236, 88, 14, '2026-03-30', 3, 100.00, 100.00, 6, 6, 'Valid', '2026-06-08 03:28:28', '2026-06-08 03:28:28'),
(237, 88, 15, '2026-03-30', 2, 50.00, 50.00, 6, 3, 'Warning', '2026-06-08 03:28:28', '2026-06-08 03:28:28'),
(238, 89, 8, '2026-03-30', 1, 100.00, 100.00, 6, 6, 'Valid', '2026-06-08 03:28:28', '2026-06-08 03:28:28'),
(239, 89, 8, '2026-03-30', 3, 100.00, 100.00, 6, 6, 'Valid', '2026-06-08 03:28:28', '2026-06-08 03:28:28'),
(240, 89, 9, '2026-03-30', 2, 100.00, 100.00, 6, 6, 'Valid', '2026-06-08 03:28:28', '2026-06-08 03:28:28'),
(241, 89, 9, '2026-03-30', 4, 100.00, 100.00, 6, 6, 'Valid', '2026-06-08 03:28:28', '2026-06-08 03:28:28'),
(242, 91, 12, '2026-03-31', 1, 66.67, 66.67, 6, 4, 'Warning', '2026-06-08 03:28:28', '2026-06-08 03:28:28'),
(243, 91, 12, '2026-03-31', 3, 66.67, 66.67, 6, 4, 'Warning', '2026-06-08 03:28:28', '2026-06-08 03:28:28'),
(244, 91, 13, '2026-03-31', 2, 66.67, 66.67, 6, 4, 'Warning', '2026-06-08 03:28:28', '2026-06-08 03:28:28'),
(245, 92, 14, '2026-03-31', 1, 66.67, 66.67, 6, 4, 'Warning', '2026-06-08 03:28:28', '2026-06-08 03:28:28'),
(246, 92, 14, '2026-03-31', 3, 100.00, 100.00, 6, 6, 'Valid', '2026-06-08 03:28:28', '2026-06-08 03:28:28'),
(247, 92, 15, '2026-03-31', 2, 50.00, 50.00, 6, 3, 'Warning', '2026-06-08 03:28:28', '2026-06-08 03:28:28'),
(248, 93, 8, '2026-03-31', 1, 33.33, 33.33, 6, 2, 'Tidak Lengkap', '2026-06-08 03:28:28', '2026-06-08 03:28:28'),
(249, 93, 9, '2026-03-31', 2, 16.67, 16.67, 6, 1, 'Tidak Lengkap', '2026-06-08 03:28:28', '2026-06-08 03:28:28'),
(250, 94, 9, '2026-06-08', 1, 66.67, 33.33, 6, 6, 'Warning', '2026-06-08 09:36:21', '2026-06-08 09:37:39'),
(251, 95, 8, '2026-06-11', 1, 100.00, 83.33, 6, 6, 'Normal', '2026-06-11 06:31:25', '2026-06-11 06:33:52'),
(252, 95, 15, '2026-06-11', 1, 16.67, 16.67, 6, 2, 'Tidak Lengkap', '2026-06-11 06:31:33', '2026-06-11 06:31:33'),
(253, 96, 10, '2026-06-11', 1, 33.33, 33.33, 6, 2, 'Tidak Lengkap', '2026-06-11 08:27:48', '2026-06-11 08:28:08'),
(254, 96, 9, '2026-06-11', 1, 83.33, 66.67, 6, 5, 'Normal', '2026-06-11 08:29:22', '2026-06-11 08:29:40'),
(255, 98, 8, '2026-07-01', 1, 14.29, 14.29, 7, 1, 'Tidak Lengkap', '2026-06-30 22:45:44', '2026-06-30 22:45:44');

-- --------------------------------------------------------

--
-- Table structure for table `patroli_lcs_log`
--

CREATE TABLE `patroli_lcs_log` (
  `id` bigint(20) UNSIGNED NOT NULL,
  `patroli_hasil_id` bigint(20) UNSIGNED NOT NULL,
  `urutan_ideal` text NOT NULL COMMENT 'JSON array ruangan_id urutan SOP',
  `urutan_aktual` text NOT NULL COMMENT 'JSON array ruangan_id hasil RFID',
  `nilai_lcs` decimal(5,2) DEFAULT 0.00,
  `created_at` timestamp NULL DEFAULT current_timestamp()
) ENGINE=InnoDB DEFAULT CHARSET=utf8mb4 COLLATE=utf8mb4_general_ci;

--
-- Dumping data for table `patroli_lcs_log`
--

INSERT INTO `patroli_lcs_log` (`id`, `patroli_hasil_id`, `urutan_ideal`, `urutan_aktual`, `nilai_lcs`, `created_at`) VALUES
(1, 1, 'T01,T02,T03,T04,T05,T06', 'T01,T02,T03,T04,T05,T06', 100.00, '2026-06-08 03:28:26'),
(2, 2, 'T01,T02,T03,T04,T05,T06', 'T01,T02,T03,T04,T05,T06', 100.00, '2026-06-08 03:28:26'),
(3, 3, 'T01,T02,T03,T04,T05,T06', 'T01,T02,T03,T04,T05,T06', 100.00, '2026-06-08 03:28:26'),
(4, 4, 'T01,T02,T03,T04,T05,T06', 'T01,T02,T03,T04,T05,T06', 100.00, '2026-06-08 03:28:26'),
(5, 5, 'T01,T02,T03,T04,T05,T06', 'T01,T02,T03,T05,T06', 83.33, '2026-06-08 03:28:26'),
(6, 6, 'T01,T02,T03,T04,T05,T06', 'T01,T02,T03', 50.00, '2026-06-08 03:28:26'),
(7, 7, 'T01,T02,T03,T04,T05,T06', 'T01,T02,T04,T05,T06', 83.33, '2026-06-08 03:28:26'),
(8, 8, 'T01,T02,T03,T04,T05,T06', 'T01,T03,T02,T05,T04,T06', 66.67, '2026-06-08 03:28:26'),
(9, 9, 'T01,T02,T03,T04,T05,T06', 'T01,T02,T03,T04,T05,T06', 100.00, '2026-06-08 03:28:26'),
(10, 10, 'T01,T02,T03,T04,T05,T06', 'T01,T02,T03', 50.00, '2026-06-08 03:28:26'),
(11, 11, 'T01,T02,T03,T04,T05,T06', 'T01,T02,T03', 50.00, '2026-06-08 03:28:26'),
(12, 12, 'T01,T02,T03,T04,T05,T06', 'T01', 16.67, '2026-06-08 03:28:26'),
(13, 13, 'T01,T02,T03,T04,T05,T06', 'T01,T02', 33.33, '2026-06-08 03:28:26'),
(14, 14, 'T01,T02,T03,T04,T05,T06', 'T01,T02,T03,T04,T05,T06', 100.00, '2026-06-08 03:28:26'),
(15, 15, 'T01,T02,T03,T04,T05,T06', 'T01,T02,T03,T04,T05,T06', 100.00, '2026-06-08 03:28:26'),
(16, 16, 'T01,T02,T03,T04,T05,T06', 'T01,T02,T03,T04,T05,T06', 100.00, '2026-06-08 03:28:26'),
(17, 17, 'T01,T02,T03,T04,T05,T06', 'T01,T02,T03,T04,T05,T06', 100.00, '2026-06-08 03:28:26'),
(18, 18, 'T01,T02,T03,T04,T05,T06', 'T06,T04,T01,T05,T02,T03', 50.00, '2026-06-08 03:28:26'),
(19, 19, 'T01,T02,T03,T04,T05,T06', 'T01,T02', 33.33, '2026-06-08 03:28:26'),
(20, 20, 'T01,T02,T03,T04,T05,T06', 'T03,T05,T01,T06,T02,T04', 50.00, '2026-06-08 03:28:26'),
(21, 21, 'T01,T02,T03,T04,T05,T06', 'T01,T02,T03,T04', 66.67, '2026-06-08 03:28:26'),
(22, 22, 'T01,T02,T03,T04,T05,T06', 'T01,T02,T03,T04,T05,T06', 100.00, '2026-06-08 03:28:26'),
(23, 23, 'T01,T02,T03,T04,T05,T06', 'T01,T02,T05,T06', 66.67, '2026-06-08 03:28:26'),
(24, 24, 'T01,T02,T03,T04,T05,T06', 'T01,T03', 33.33, '2026-06-08 03:28:26'),
(25, 25, 'T01,T02,T03,T04,T05,T06', 'T01,T02,T03,T04,T05,T06', 100.00, '2026-06-08 03:28:26'),
(26, 26, 'T01,T02,T03,T04,T05,T06', 'T01,T02,T03,T04,T05,T06', 100.00, '2026-06-08 03:28:26'),
(27, 27, 'T01,T02,T03,T04,T05,T06', 'T01,T02,T03,T05', 66.67, '2026-06-08 03:28:26'),
(28, 28, 'T01,T02,T03,T04,T05,T06', 'T01,T02,T03,T04,T05,T06', 100.00, '2026-06-08 03:28:26'),
(29, 29, 'T01,T02,T03,T04,T05,T06', 'T01,T02,T04,T06', 66.67, '2026-06-08 03:28:26'),
(30, 30, 'T01,T02,T03,T04,T05,T06', 'T01', 16.67, '2026-06-08 03:28:26'),
(31, 31, 'T01,T02,T03,T04,T05,T06', 'T01,T02', 33.33, '2026-06-08 03:28:26'),
(32, 32, 'T01,T02,T03,T04,T05,T06', 'T03', 16.67, '2026-06-08 03:28:26'),
(33, 33, 'T01,T02,T03,T04,T05,T06', 'T01,T02,T03,T04,T05,T06', 100.00, '2026-06-08 03:28:26'),
(34, 34, 'T01,T02,T03,T04,T05,T06', 'T01,T02,T03,T04,T05,T06', 100.00, '2026-06-08 03:28:26'),
(35, 35, 'T01,T02,T03,T04,T05,T06', 'T01,T02,T03,T04,T05,T06', 100.00, '2026-06-08 03:28:26'),
(36, 36, 'T01,T02,T03,T04,T05,T06', 'T01,T02,T03,T04,T05,T06', 100.00, '2026-06-08 03:28:26'),
(37, 37, 'T01,T02,T03,T04,T05,T06', 'T02,T05', 33.33, '2026-06-08 03:28:26'),
(38, 38, 'T01,T02,T03,T04,T05,T06', 'T03,T04', 33.33, '2026-06-08 03:28:26'),
(39, 39, 'T01,T02,T03,T04,T05,T06', 'T01', 16.67, '2026-06-08 03:28:26'),
(40, 40, 'T01,T02,T03,T04,T05,T06', 'T01,T02,T03,T04', 66.67, '2026-06-08 03:28:26'),
(41, 41, 'T01,T02,T03,T04,T05,T06', 'T01,T02,T03', 50.00, '2026-06-08 03:28:26'),
(42, 42, 'T01,T02,T03,T04,T05,T06', 'T01,T02,T05,T06', 66.67, '2026-06-08 03:28:26'),
(43, 43, 'T01,T02,T03,T04,T05,T06', 'T01,T02,T03,T04', 66.67, '2026-06-08 03:28:26'),
(44, 44, 'T01,T02,T03,T04,T05,T06', 'T01,T02,T03,T04', 66.67, '2026-06-08 03:28:26'),
(45, 45, 'T01,T02,T03,T04,T05,T06', 'T01,T02,T05,T06', 66.67, '2026-06-08 03:28:26'),
(46, 46, 'T01,T02,T03,T04,T05,T06', 'T01,T02,T03', 50.00, '2026-06-08 03:28:26'),
(47, 47, 'T01,T02,T03,T04,T05,T06', 'T01,T02,T03,T04,T05,T06', 100.00, '2026-06-08 03:28:26'),
(48, 48, 'T01,T02,T03,T04,T05,T06', 'T01,T02,T03,T04', 66.67, '2026-06-08 03:28:26'),
(49, 49, 'T01,T02,T03,T04,T05,T06', 'T01,T02,T03,T04', 66.67, '2026-06-08 03:28:26'),
(50, 50, 'T01,T02,T03,T04,T05,T06', 'T01,T02,T05', 50.00, '2026-06-08 03:28:26'),
(51, 51, 'T01,T02,T03,T04,T05,T06', 'T01,T02,T03,T04,T05,T06', 100.00, '2026-06-08 03:28:26'),
(52, 52, 'T01,T02,T03,T04,T05,T06', 'T01,T02,T03,T04,T05,T06', 100.00, '2026-06-08 03:28:26'),
(53, 53, 'T01,T02,T03,T04,T05,T06', 'T01,T02,T03,T04,T05,T06', 100.00, '2026-06-08 03:28:26'),
(54, 54, 'T01,T02,T03,T04,T05,T06', 'T01,T02,T03,T04,T05,T06', 100.00, '2026-06-08 03:28:26'),
(55, 55, 'T01,T02,T03,T04,T05,T06', 'T01,T02,T03,T04', 66.67, '2026-06-08 03:28:26'),
(56, 56, 'T01,T02,T03,T04,T05,T06', 'T01,T02,T05', 50.00, '2026-06-08 03:28:26'),
(57, 57, 'T01,T02,T03,T04,T05,T06', 'T01,T02,T03', 50.00, '2026-06-08 03:28:26'),
(58, 58, 'T01,T02,T03,T04,T05,T06', 'T01,T02,T03,T04,T05,T06', 100.00, '2026-06-08 03:28:26'),
(59, 59, 'T01,T02,T03,T04,T05,T06', 'T01,T02,T03,T04,T05,T06', 100.00, '2026-06-08 03:28:26'),
(60, 60, 'T01,T02,T03,T04,T05,T06', 'T01,T02,T03,T04,T05,T06', 100.00, '2026-06-08 03:28:26'),
(61, 61, 'T01,T02,T03,T04,T05,T06', 'T01,T02,T03,T04,T05,T06', 100.00, '2026-06-08 03:28:26'),
(62, 62, 'T01,T02,T03,T04,T05,T06', 'T01,T02,T03,T05', 66.67, '2026-06-08 03:28:26'),
(63, 63, 'T01,T02,T03,T04,T05,T06', 'T01,T02,T03,T04', 66.67, '2026-06-08 03:28:26'),
(64, 64, 'T01,T02,T03,T04,T05,T06', 'T01,T02,T04,T06', 66.67, '2026-06-08 03:28:26'),
(65, 65, 'T01,T02,T03,T04,T05,T06', 'T01,T03', 33.33, '2026-06-08 03:28:26'),
(66, 66, 'T01,T02,T03,T04,T05,T06', 'T01,T02', 33.33, '2026-06-08 03:28:26'),
(67, 67, 'T01,T02,T03,T04,T05,T06', 'T03', 16.67, '2026-06-08 03:28:26'),
(68, 68, 'T01,T02,T03,T04,T05,T06', 'T01,T02,T03,T04', 66.67, '2026-06-08 03:28:26'),
(69, 69, 'T01,T02,T03,T04,T05,T06', 'T01,T02,T05,T06', 66.67, '2026-06-08 03:28:26'),
(70, 70, 'T01,T02,T03,T04,T05,T06', 'T01,T02,T05,T06', 66.67, '2026-06-08 03:28:26'),
(71, 71, 'T01,T02,T03,T04,T05,T06', 'T01,T02,T03', 50.00, '2026-06-08 03:28:26'),
(72, 72, 'T01,T02,T03,T04,T05,T06', 'T01,T02,T03,T04,T05,T06', 100.00, '2026-06-08 03:28:26'),
(73, 73, 'T01,T02,T03,T04,T05,T06', 'T01,T02,T03,T04', 66.67, '2026-06-08 03:28:26'),
(74, 74, 'T01,T02,T03,T04,T05,T06', 'T01,T02,T04', 50.00, '2026-06-08 03:28:26'),
(75, 75, 'T01,T02,T03,T04,T05,T06', 'T01,T02,T03', 50.00, '2026-06-08 03:28:26'),
(76, 76, 'T01,T02,T03,T04,T05,T06', 'T01,T02,T03,T05', 66.67, '2026-06-08 03:28:26'),
(77, 77, 'T01,T02,T03,T04,T05,T06', 'T01,T02,T03,T04,T05,T06', 100.00, '2026-06-08 03:28:26'),
(78, 78, 'T01,T02,T03,T04,T05,T06', 'T01,T02,T03,T04,T05,T06', 100.00, '2026-06-08 03:28:26'),
(79, 79, 'T01,T02,T03,T04,T05,T06', 'T01,T02,T03,T04,T05,T06', 100.00, '2026-06-08 03:28:26'),
(80, 80, 'T01,T02,T03,T04,T05,T06', 'T05,T03,T06,T01,T04,T02', 33.33, '2026-06-08 03:28:26'),
(81, 81, 'T01,T02,T03,T04,T05,T06', 'T06,T02,T05,T01,T04,T03', 33.33, '2026-06-08 03:28:26'),
(82, 82, 'T01,T02,T03,T04,T05,T06', 'T01,T02,T03', 50.00, '2026-06-08 03:28:26'),
(83, 83, 'T01,T02,T03,T04,T05,T06', 'T01,T02,T04,T05,T06', 83.33, '2026-06-08 03:28:26'),
(84, 84, 'T01,T02,T03,T04,T05,T06', 'T01,T02,T04,T05', 66.67, '2026-06-08 03:28:26'),
(85, 85, 'T01,T02,T03,T04,T05,T06', 'T01,T03', 33.33, '2026-06-08 03:28:26'),
(86, 86, 'T01,T02,T03,T04,T05,T06', 'T02,T04', 33.33, '2026-06-08 03:28:26'),
(87, 87, 'T01,T02,T03,T04,T05,T06', 'T01,T02,T03,T04,T05,T06', 100.00, '2026-06-08 03:28:26'),
(88, 88, 'T01,T02,T03,T04,T05,T06', 'T01,T02,T03,T04,T05,T06', 100.00, '2026-06-08 03:28:26'),
(89, 89, 'T01,T02,T03,T04,T05,T06', 'T01,T02,T03,T04,T05,T06', 100.00, '2026-06-08 03:28:26'),
(90, 90, 'T01,T02,T03,T04,T05,T06', 'T01,T02,T03,T04,T05,T06', 100.00, '2026-06-08 03:28:26'),
(91, 91, 'T01,T02,T03,T04,T05,T06', 'T01,T02', 33.33, '2026-06-08 03:28:26'),
(92, 92, 'T01,T02,T03,T04,T05,T06', 'T01', 16.67, '2026-06-08 03:28:26'),
(93, 93, 'T01,T02,T03,T04,T05,T06', 'T03', 16.67, '2026-06-08 03:28:26'),
(94, 94, 'T01,T02,T03,T04,T05,T06', 'T01,T02,T03', 50.00, '2026-06-08 03:28:26'),
(95, 95, 'T01,T02,T03,T04,T05,T06', 'T01,T02,T03,T04', 66.67, '2026-06-08 03:28:26'),
(96, 96, 'T01,T02,T03,T04,T05,T06', 'T01,T02,T05', 50.00, '2026-06-08 03:28:26'),
(97, 97, 'T01,T02,T03,T04,T05,T06', 'T01,T02', 33.33, '2026-06-08 03:28:26'),
(98, 98, 'T01,T02,T03,T04,T05,T06', 'T01,T02,T03', 50.00, '2026-06-08 03:28:26'),
(99, 99, 'T01,T02,T03,T04,T05,T06', 'T01,T02', 33.33, '2026-06-08 03:28:26'),
(100, 100, 'T01,T02,T03,T04,T05,T06', 'T01,T02,T03,T04,T05,T06', 100.00, '2026-06-08 03:28:26'),
(101, 101, 'T01,T02,T03,T04,T05,T06', 'T01,T02,T03,T04,T05,T06', 100.00, '2026-06-08 03:28:26'),
(102, 102, 'T01,T02,T03,T04,T05,T06', 'T01,T02,T03,T04,T05,T06', 100.00, '2026-06-08 03:28:26'),
(103, 103, 'T01,T02,T03,T04,T05,T06', 'T01,T02,T03', 50.00, '2026-06-08 03:28:26'),
(104, 104, 'T01,T02,T03,T04,T05,T06', 'T01,T02,T03,T04,T05', 83.33, '2026-06-08 03:28:26'),
(105, 105, 'T01,T02,T03,T04,T05,T06', 'T01,T02,T04', 50.00, '2026-06-08 03:28:26'),
(106, 106, 'T01,T02,T03,T04,T05,T06', 'T01,T02,T03,T05', 66.67, '2026-06-08 03:28:26'),
(107, 107, 'T01,T02,T03,T04,T05,T06', 'T01,T02,T03,T04,T05', 83.33, '2026-06-08 03:28:26'),
(108, 108, 'T01,T02,T03,T04,T05,T06', 'T01,T02,T04,T06', 66.67, '2026-06-08 03:28:26'),
(109, 109, 'T01,T02,T03,T04,T05,T06', 'T01,T02,T03,T04,T05,T06', 100.00, '2026-06-08 03:28:26'),
(110, 110, 'T01,T02,T03,T04,T05,T06', 'T01,T02,T03,T04,T05,T06', 100.00, '2026-06-08 03:28:26'),
(111, 111, 'T01,T02,T03,T04,T05,T06', 'T01,T02,T03,T04,T05,T06', 100.00, '2026-06-08 03:28:26'),
(112, 112, 'T01,T02,T03,T04,T05,T06', 'T01,T02,T03,T04,T05,T06', 100.00, '2026-06-08 03:28:26'),
(113, 113, 'T01,T02,T03,T04,T05,T06', 'T01,T02,T03', 50.00, '2026-06-08 03:28:26'),
(114, 114, 'T01,T02,T03,T04,T05,T06', 'T01,T02,T05,T06', 66.67, '2026-06-08 03:28:26'),
(115, 115, 'T01,T02,T03,T04,T05,T06', 'T01,T02,T04', 50.00, '2026-06-08 03:28:26'),
(116, 116, 'T01,T02,T03,T04,T05,T06', 'T01,T02,T03,T04', 66.67, '2026-06-08 03:28:26'),
(117, 117, 'T01,T02,T03,T04,T05,T06', 'T01,T02,T05,T06', 66.67, '2026-06-08 03:28:26'),
(118, 118, 'T01,T02,T03,T04,T05,T06', 'T01,T02,T03', 50.00, '2026-06-08 03:28:26'),
(119, 119, 'T01,T02,T03,T04,T05,T06', 'T01,T02,T03', 50.00, '2026-06-08 03:28:26'),
(120, 120, 'T01,T02,T03,T04,T05,T06', 'T01,T02,T03,T04,T05,T06', 100.00, '2026-06-08 03:28:26'),
(121, 121, 'T01,T02,T03,T04,T05,T06', 'T01,T02,T04,T06', 66.67, '2026-06-08 03:28:26'),
(122, 122, 'T01,T02,T03,T04,T05,T06', 'T01,T02,T03', 50.00, '2026-06-08 03:28:26'),
(123, 123, 'T01,T02,T03,T04,T05,T06', 'T01,T02,T03,T04', 66.67, '2026-06-08 03:28:26'),
(124, 124, 'T01,T02,T03,T04,T05,T06', 'T01,T02,T05', 50.00, '2026-06-08 03:28:26'),
(125, 125, 'T01,T02,T03,T04,T05,T06', 'T01,T02,T03', 50.00, '2026-06-08 03:28:26'),
(126, 126, 'T01,T02,T03,T04,T05,T06', 'T01,T02,T05', 50.00, '2026-06-08 03:28:26'),
(127, 127, 'T01,T02,T03,T04,T05,T06', 'T01,T02,T03,T04', 66.67, '2026-06-08 03:28:26'),
(128, 128, 'T01,T02,T03,T04,T05,T06', 'T01,T02,T04', 50.00, '2026-06-08 03:28:26'),
(129, 129, 'T01,T02,T03,T04,T05,T06', 'T01,T02,T03,T04,T05,T06', 100.00, '2026-06-08 03:28:26'),
(130, 130, 'T01,T02,T03,T04,T05,T06', 'T01,T03,T05', 50.00, '2026-06-08 03:28:26'),
(131, 131, 'T01,T02,T03,T04,T05,T06', 'T01,T02,T03,T04', 66.67, '2026-06-08 03:28:26'),
(132, 132, 'T01,T02,T03,T04,T05,T06', 'T01,T02,T03,T04,T05,T06', 100.00, '2026-06-08 03:28:26'),
(133, 133, 'T01,T02,T03,T04,T05,T06', 'T01,T02', 33.33, '2026-06-08 03:28:26'),
(134, 134, 'T01,T02,T03,T04,T05,T06', 'T01,T02,T03,T04,T05,T06', 100.00, '2026-06-08 03:28:27'),
(135, 135, 'T01,T02,T03,T04,T05,T06', 'T01,T03,T05', 50.00, '2026-06-08 03:28:27'),
(136, 136, 'T01,T02,T03,T04,T05,T06', 'T01,T02,T03', 50.00, '2026-06-08 03:28:27'),
(137, 137, 'T01,T02,T03,T04,T05,T06', 'T01,T02,T03,T04,T05,T06', 100.00, '2026-06-08 03:28:27'),
(138, 138, 'T01,T02,T03,T04,T05,T06', 'T01,T04', 33.33, '2026-06-08 03:28:27'),
(139, 139, 'T01,T02,T03,T04,T05,T06', 'T01,T02,T03', 50.00, '2026-06-08 03:28:27'),
(140, 140, 'T01,T02,T03,T04,T05,T06', 'T01,T02,T04', 50.00, '2026-06-08 03:28:27'),
(141, 141, 'T01,T02,T03,T04,T05,T06', 'T01,T02,T03,T04,T05,T06', 100.00, '2026-06-08 03:28:27'),
(142, 142, 'T01,T02,T03,T04,T05,T06', 'T01,T02,T03,T04', 66.67, '2026-06-08 03:28:27'),
(143, 143, 'T01,T02,T03,T04,T05,T06', 'T01,T02,T05', 50.00, '2026-06-08 03:28:27'),
(144, 144, 'T01,T02,T03,T04,T05,T06', 'T01,T02,T03,T04', 66.67, '2026-06-08 03:28:27'),
(145, 145, 'T01,T02,T03,T04,T05,T06', 'T01,T02,T03,T05,T06', 83.33, '2026-06-08 03:28:27'),
(146, 146, 'T01,T02,T03,T04,T05,T06', 'T01,T02', 33.33, '2026-06-08 03:28:27'),
(147, 147, 'T01,T02,T03,T04,T05,T06', 'T01,T02,T03,T04,T05,T06', 100.00, '2026-06-08 03:28:27'),
(148, 148, 'T01,T02,T03,T04,T05,T06', 'T01,T02,T03,T04,T05,T06', 100.00, '2026-06-08 03:28:27'),
(149, 149, 'T01,T02,T03,T04,T05,T06', 'T02,T05', 33.33, '2026-06-08 03:28:27'),
(150, 150, 'T01,T02,T03,T04,T05,T06', 'T03', 16.67, '2026-06-08 03:28:27'),
(151, 151, 'T01,T02,T03,T04,T05,T06', 'T01,T02,T03,T04,T05,T06', 100.00, '2026-06-08 03:28:27'),
(152, 152, 'T01,T02,T03,T04,T05,T06', 'T01,T02,T03,T04,T05,T06', 100.00, '2026-06-08 03:28:27'),
(153, 153, 'T01,T02,T03,T04,T05,T06', 'T01,T02,T03,T04,T05,T06', 100.00, '2026-06-08 03:28:27'),
(154, 154, 'T01,T02,T03,T04,T05,T06', 'T01,T02,T03', 50.00, '2026-06-08 03:28:27'),
(155, 155, 'T01,T02,T03,T04,T05,T06', 'T01,T02,T03,T04,T05', 83.33, '2026-06-08 03:28:27'),
(156, 156, 'T01,T02,T03,T04,T05,T06', 'T01,T02,T04,T06', 66.67, '2026-06-08 03:28:27'),
(157, 157, 'T01,T02,T03,T04,T05,T06', 'T01,T02,T03,T04', 66.67, '2026-06-08 03:28:27'),
(158, 158, 'T01,T02,T03,T04,T05,T06', 'T01,T02,T06', 50.00, '2026-06-08 03:28:27'),
(159, 159, 'T01,T02,T03,T04,T05,T06', 'T01,T02,T05', 50.00, '2026-06-08 03:28:27'),
(160, 160, 'T01,T02,T03,T04,T05,T06', 'T01,T03', 33.33, '2026-06-08 03:28:27'),
(161, 161, 'T01,T02,T03,T04,T05,T06', 'T02', 16.67, '2026-06-08 03:28:27'),
(162, 162, 'T01,T02,T03,T04,T05,T06', 'T01,T02,T03,T05', 66.67, '2026-06-08 03:28:27'),
(163, 163, 'T01,T02,T03,T04,T05,T06', 'T01,T02,T03,T04,T05,T06', 100.00, '2026-06-08 03:28:27'),
(164, 164, 'T01,T02,T03,T04,T05,T06', 'T01,T02,T03,T04,T05,T06', 100.00, '2026-06-08 03:28:27'),
(165, 165, 'T01,T02,T03,T04,T05,T06', 'T01,T02,T03,T04', 66.67, '2026-06-08 03:28:27'),
(166, 166, 'T01,T02,T03,T04,T05,T06', 'T01,T02,T03,T04,T05,T06', 100.00, '2026-06-08 03:28:27'),
(167, 167, 'T01,T02,T03,T04,T05,T06', 'T01,T03,T05', 50.00, '2026-06-08 03:28:27'),
(168, 168, 'T01,T02,T03,T04,T05,T06', 'T01,T02,T03,T04,T05,T06', 100.00, '2026-06-08 03:28:27'),
(169, 169, 'T01,T02,T03,T04,T05,T06', 'T01,T02,T03,T04,T05,T06', 100.00, '2026-06-08 03:28:27'),
(170, 170, 'T01,T02,T03,T04,T05,T06', 'T01,T02,T03,T04,T05,T06', 100.00, '2026-06-08 03:28:27'),
(171, 171, 'T01,T02,T03,T04,T05,T06', 'T01,T02,T03', 50.00, '2026-06-08 03:28:27'),
(172, 172, 'T01,T02,T03,T04,T05,T06', 'T01,T02,T03,T04,T05,T06', 100.00, '2026-06-08 03:28:27'),
(173, 173, 'T01,T02,T03,T04,T05,T06', 'T01,T02,T04', 50.00, '2026-06-08 03:28:27'),
(174, 174, 'T01,T02,T03,T04,T05,T06', 'T01,T02,T03,T04', 66.67, '2026-06-08 03:28:27'),
(175, 175, 'T01,T02,T03,T04,T05,T06', 'T01,T02,T05', 50.00, '2026-06-08 03:28:27'),
(176, 176, 'T01,T02,T03,T04,T05,T06', 'T01,T02,T03', 50.00, '2026-06-08 03:28:27'),
(177, 177, 'T01,T02,T03,T04,T05,T06', 'T01,T02,T03', 50.00, '2026-06-08 03:28:27'),
(178, 178, 'T01,T02,T03,T04,T05,T06', 'T01,T02,T04,T05', 66.67, '2026-06-08 03:28:27'),
(179, 179, 'T01,T02,T03,T04,T05,T06', 'T01,T02,T04', 50.00, '2026-06-08 03:28:27'),
(180, 180, 'T01,T02,T03,T04,T05,T06', 'T01,T02,T03', 50.00, '2026-06-08 03:28:27'),
(181, 181, 'T01,T02,T03,T04,T05,T06', 'T01,T02,T03,T04,T05,T06', 100.00, '2026-06-08 03:28:27'),
(182, 182, 'T01,T02,T03,T04,T05,T06', 'T01,T04,T06', 50.00, '2026-06-08 03:28:27'),
(183, 183, 'T01,T02,T03,T04,T05,T06', 'T01,T02,T03,T04,T05,T06', 100.00, '2026-06-08 03:28:27'),
(184, 184, 'T01,T02,T03,T04,T05,T06', 'T01,T02,T03,T04,T05,T06', 100.00, '2026-06-08 03:28:27'),
(185, 185, 'T01,T02,T03,T04,T05,T06', 'T01,T02,T03,T04,T05,T06', 100.00, '2026-06-08 03:28:27'),
(186, 186, 'T01,T02,T03,T04,T05,T06', 'T01,T02', 33.33, '2026-06-08 03:28:27'),
(187, 187, 'T01,T02,T03,T04,T05,T06', 'T04,T05', 33.33, '2026-06-08 03:28:27'),
(188, 188, 'T01,T02,T03,T04,T05,T06', 'T01,T02,T03,T04', 66.67, '2026-06-08 03:28:27'),
(189, 189, 'T01,T02,T03,T04,T05,T06', 'T01,T02,T03,T04,T05,T06', 100.00, '2026-06-08 03:28:27'),
(190, 190, 'T01,T02,T03,T04,T05,T06', 'T01,T02,T05', 50.00, '2026-06-08 03:28:27'),
(191, 191, 'T01,T02,T03,T04,T05,T06', 'T03', 16.67, '2026-06-08 03:28:27'),
(192, 192, 'T01,T02,T03,T04,T05,T06', 'T01', 16.67, '2026-06-08 03:28:27'),
(193, 193, 'T01,T02,T03,T04,T05,T06', 'T01,T02,T03,T04,T05,T06', 100.00, '2026-06-08 03:28:27'),
(194, 194, 'T01,T02,T03,T04,T05,T06', 'T01,T02,T03,T04,T05,T06', 100.00, '2026-06-08 03:28:27'),
(195, 195, 'T01,T02,T03,T04,T05,T06', 'T01,T02,T03,T04,T05,T06', 100.00, '2026-06-08 03:28:27'),
(196, 196, 'T01,T02,T03,T04,T05,T06', 'T01,T02,T03', 50.00, '2026-06-08 03:28:27'),
(197, 197, 'T01,T02,T03,T04,T05,T06', 'T01,T02,T05,T06', 66.67, '2026-06-08 03:28:27'),
(198, 198, 'T01,T02,T03,T04,T05,T06', 'T01,T02,T04', 50.00, '2026-06-08 03:28:27'),
(199, 199, 'T01,T02,T03,T04,T05,T06', 'T01,T02,T03', 50.00, '2026-06-08 03:28:27'),
(200, 200, 'T01,T02,T03,T04,T05,T06', 'T01,T02,T03,T04', 66.67, '2026-06-08 03:28:27'),
(201, 201, 'T01,T02,T03,T04,T05,T06', 'T01,T02,T05', 50.00, '2026-06-08 03:28:27'),
(202, 202, 'T01,T02,T03,T04,T05,T06', 'T01,T02,T03,T04', 66.67, '2026-06-08 03:28:27'),
(203, 203, 'T01,T02,T03,T04,T05,T06', 'T01,T02,T05', 50.00, '2026-06-08 03:28:27'),
(204, 204, 'T01,T02,T03,T04,T05,T06', 'T01,T02,T03', 50.00, '2026-06-08 03:28:27'),
(205, 205, 'T01,T02,T03,T04,T05,T06', 'T01,T02,T03,T04,T05,T06', 100.00, '2026-06-08 03:28:27'),
(206, 206, 'T01,T02,T03,T04,T05,T06', 'T01,T02,T03,T04,T05,T06', 100.00, '2026-06-08 03:28:27'),
(207, 207, 'T01,T02,T03,T04,T05,T06', 'T01,T02,T03,T04,T05,T06', 100.00, '2026-06-08 03:28:27'),
(208, 208, 'T01,T02,T03,T04,T05,T06', 'T04,T02,T06,T01,T05,T03', 33.33, '2026-06-08 03:28:27'),
(209, 209, 'T01,T02,T03,T04,T05,T06', 'T03,T01,T05,T02', 33.33, '2026-06-08 03:28:27'),
(210, 210, 'T01,T02,T03,T04,T05,T06', 'T01,T02,T03', 50.00, '2026-06-08 03:28:27'),
(211, 211, 'T01,T02,T03,T04,T05,T06', 'T01,T02,T03,T04,T05', 83.33, '2026-06-08 03:28:27'),
(212, 212, 'T01,T02,T03,T04,T05,T06', 'T01,T02,T04,T06', 66.67, '2026-06-08 03:28:27'),
(213, 213, 'T01,T02,T03,T04,T05,T06', 'T01,T02,T03,T04,T05,T06', 100.00, '2026-06-08 03:28:27'),
(214, 214, 'T01,T02,T03,T04,T05,T06', 'T01,T02,T03,T04,T05,T06', 100.00, '2026-06-08 03:28:27'),
(215, 215, 'T01,T02,T03,T04,T05,T06', 'T01,T02,T03,T04,T05,T06', 100.00, '2026-06-08 03:28:27'),
(216, 216, 'T01,T02,T03,T04,T05,T06', 'T01,T02,T03,T04,T05,T06', 100.00, '2026-06-08 03:28:27'),
(217, 217, 'T01,T02,T03,T04,T05,T06', 'T01,T02,T03', 50.00, '2026-06-08 03:28:27'),
(218, 218, 'T01,T02,T03,T04,T05,T06', 'T01,T02,T03,T04,T05,T06', 100.00, '2026-06-08 03:28:27'),
(219, 219, 'T01,T02,T03,T04,T05,T06', 'T01,T02,T05', 50.00, '2026-06-08 03:28:27'),
(220, 220, 'T01,T02,T03,T04,T05,T06', 'T01,T02,T03,T04', 66.67, '2026-06-08 03:28:27'),
(221, 221, 'T01,T02,T03,T04,T05,T06', 'T01,T02,T03,T04,T05,T06', 100.00, '2026-06-08 03:28:27'),
(222, 222, 'T01,T02,T03,T04,T05,T06', 'T01,T03,T05', 50.00, '2026-06-08 03:28:27'),
(223, 223, 'T01,T02,T03,T04,T05,T06', 'T01,T02,T03', 50.00, '2026-06-08 03:28:28'),
(224, 224, 'T01,T02,T03,T04,T05,T06', 'T04,T05', 33.33, '2026-06-08 03:28:28'),
(225, 225, 'T01,T02,T03,T04,T05,T06', 'T01,T02,T03,T04,T05,T06', 100.00, '2026-06-08 03:28:28'),
(226, 226, 'T01,T02,T03,T04,T05,T06', 'T01,T02,T03,T04,T05,T06', 100.00, '2026-06-08 03:28:28'),
(227, 227, 'T01,T02,T03,T04,T05,T06', 'T01,T02,T03,T04,T05,T06', 100.00, '2026-06-08 03:28:28'),
(228, 228, 'T01,T02,T03,T04,T05,T06', 'T01,T02,T03,T04,T05,T06', 100.00, '2026-06-08 03:28:28'),
(229, 229, 'T01,T02,T03,T04,T05,T06', 'T01,T02,T03,T04', 66.67, '2026-06-08 03:28:28'),
(230, 230, 'T01,T02,T03,T04,T05,T06', 'T01,T02,T03,T04,T05,T06', 100.00, '2026-06-08 03:28:28'),
(231, 231, 'T01,T02,T03,T04,T05,T06', 'T01,T02,T05', 50.00, '2026-06-08 03:28:28'),
(232, 232, 'T01,T02,T03,T04,T05,T06', 'T01,T02,T03,T04', 66.67, '2026-06-08 03:28:28'),
(233, 233, 'T01,T02,T03,T04,T05,T06', 'T01,T02,T05', 50.00, '2026-06-08 03:28:28'),
(234, 234, 'T01,T02,T03,T04,T05,T06', 'T01,T02,T03', 50.00, '2026-06-08 03:28:28'),
(235, 235, 'T01,T02,T03,T04,T05,T06', 'T01,T02,T03', 50.00, '2026-06-08 03:28:28'),
(236, 236, 'T01,T02,T03,T04,T05,T06', 'T01,T02,T03,T04,T05,T06', 100.00, '2026-06-08 03:28:28'),
(237, 237, 'T01,T02,T03,T04,T05,T06', 'T01,T02,T04', 50.00, '2026-06-08 03:28:28'),
(238, 238, 'T01,T02,T03,T04,T05,T06', 'T01,T02,T03,T04,T05,T06', 100.00, '2026-06-08 03:28:28'),
(239, 239, 'T01,T02,T03,T04,T05,T06', 'T01,T02,T03,T04,T05,T06', 100.00, '2026-06-08 03:28:28'),
(240, 240, 'T01,T02,T03,T04,T05,T06', 'T01,T02,T03,T04,T05,T06', 100.00, '2026-06-08 03:28:28'),
(241, 241, 'T01,T02,T03,T04,T05,T06', 'T01,T02,T03,T04,T05,T06', 100.00, '2026-06-08 03:28:28'),
(242, 242, 'T01,T02,T03,T04,T05,T06', 'T01,T02,T03,T04', 66.67, '2026-06-08 03:28:28'),
(243, 243, 'T01,T02,T03,T04,T05,T06', 'T01,T02,T05,T06', 66.67, '2026-06-08 03:28:28'),
(244, 244, 'T01,T02,T03,T04,T05,T06', 'T01,T02,T03,T05', 66.67, '2026-06-08 03:28:28'),
(245, 245, 'T01,T02,T03,T04,T05,T06', 'T01,T02,T03,T04', 66.67, '2026-06-08 03:28:28'),
(246, 246, 'T01,T02,T03,T04,T05,T06', 'T01,T02,T03,T04,T05,T06', 100.00, '2026-06-08 03:28:28'),
(247, 247, 'T01,T02,T03,T04,T05,T06', 'T01,T02,T05', 50.00, '2026-06-08 03:28:28'),
(248, 248, 'T01,T02,T03,T04,T05,T06', 'T01,T03', 33.33, '2026-06-08 03:28:28'),
(249, 249, 'T01,T02,T03,T04,T05,T06', 'T02', 16.67, '2026-06-08 03:28:28'),
(255, 250, 'T01,T02,T03,T04,T05,T06', 'T05,T04,T06,T03,T04,T04', 33.33, '2026-06-08 09:37:39'),
(257, 252, 'T01,T02,T03,T04,T05,T06', 'T01,T01', 16.67, '2026-06-11 06:31:33'),
(261, 251, 'T01,T02,T03,T04,T05,T06', 'T02,T01,T03,T04,T05,T06', 83.33, '2026-06-11 06:33:52'),
(263, 253, 'T01,T02,T03,T04,T05,T06', 'T04,T06', 33.33, '2026-06-11 08:28:08'),
(268, 254, 'T01,T02,T03,T04,T05,T06', 'T03,T01,T02,T05,T06', 66.67, '2026-06-11 08:29:40'),
(269, 255, 'T01,T02,T03,T04,T05,T06,T07', 'T01', 14.29, '2026-06-30 22:45:44');

-- --------------------------------------------------------

--
-- Table structure for table `patroli_titik_terlewat`
--

CREATE TABLE `patroli_titik_terlewat` (
  `id` bigint(20) UNSIGNED NOT NULL,
  `patroli_hasil_id` bigint(20) UNSIGNED NOT NULL,
  `ruangan_id` int(10) UNSIGNED NOT NULL,
  `keterangan` varchar(255) DEFAULT NULL
) ENGINE=InnoDB DEFAULT CHARSET=utf8mb4 COLLATE=utf8mb4_general_ci;

--
-- Dumping data for table `patroli_titik_terlewat`
--

INSERT INTO `patroli_titik_terlewat` (`id`, `patroli_hasil_id`, `ruangan_id`, `keterangan`) VALUES
(1, 5, 4, 'Tidak dikunjungi pada sesi ini'),
(2, 6, 4, 'Tidak dikunjungi pada sesi ini'),
(3, 6, 5, 'Tidak dikunjungi pada sesi ini'),
(4, 6, 6, 'Tidak dikunjungi pada sesi ini'),
(5, 7, 3, 'Tidak dikunjungi pada sesi ini'),
(6, 10, 4, 'Tidak dikunjungi pada sesi ini'),
(7, 10, 5, 'Tidak dikunjungi pada sesi ini'),
(8, 10, 6, 'Tidak dikunjungi pada sesi ini'),
(9, 11, 4, 'Tidak dikunjungi pada sesi ini'),
(10, 11, 5, 'Tidak dikunjungi pada sesi ini'),
(11, 11, 6, 'Tidak dikunjungi pada sesi ini'),
(12, 12, 2, 'Tidak dikunjungi pada sesi ini'),
(13, 12, 3, 'Tidak dikunjungi pada sesi ini'),
(14, 12, 4, 'Tidak dikunjungi pada sesi ini'),
(15, 12, 5, 'Tidak dikunjungi pada sesi ini'),
(16, 12, 6, 'Tidak dikunjungi pada sesi ini'),
(17, 13, 3, 'Tidak dikunjungi pada sesi ini'),
(18, 13, 4, 'Tidak dikunjungi pada sesi ini'),
(19, 13, 5, 'Tidak dikunjungi pada sesi ini'),
(20, 13, 6, 'Tidak dikunjungi pada sesi ini'),
(21, 19, 3, 'Tidak dikunjungi pada sesi ini'),
(22, 19, 4, 'Tidak dikunjungi pada sesi ini'),
(23, 19, 5, 'Tidak dikunjungi pada sesi ini'),
(24, 19, 6, 'Tidak dikunjungi pada sesi ini'),
(25, 21, 5, 'Tidak dikunjungi pada sesi ini'),
(26, 21, 6, 'Tidak dikunjungi pada sesi ini'),
(27, 23, 3, 'Tidak dikunjungi pada sesi ini'),
(28, 23, 4, 'Tidak dikunjungi pada sesi ini'),
(29, 24, 2, 'Tidak dikunjungi pada sesi ini'),
(30, 24, 4, 'Tidak dikunjungi pada sesi ini'),
(31, 24, 5, 'Tidak dikunjungi pada sesi ini'),
(32, 24, 6, 'Tidak dikunjungi pada sesi ini'),
(33, 27, 4, 'Tidak dikunjungi pada sesi ini'),
(34, 27, 6, 'Tidak dikunjungi pada sesi ini'),
(35, 29, 3, 'Tidak dikunjungi pada sesi ini'),
(36, 29, 5, 'Tidak dikunjungi pada sesi ini'),
(37, 30, 2, 'Tidak dikunjungi pada sesi ini'),
(38, 30, 3, 'Tidak dikunjungi pada sesi ini'),
(39, 30, 4, 'Tidak dikunjungi pada sesi ini'),
(40, 30, 5, 'Tidak dikunjungi pada sesi ini'),
(41, 30, 6, 'Tidak dikunjungi pada sesi ini'),
(42, 31, 3, 'Tidak dikunjungi pada sesi ini'),
(43, 31, 4, 'Tidak dikunjungi pada sesi ini'),
(44, 31, 5, 'Tidak dikunjungi pada sesi ini'),
(45, 31, 6, 'Tidak dikunjungi pada sesi ini'),
(46, 32, 1, 'Tidak dikunjungi pada sesi ini'),
(47, 32, 2, 'Tidak dikunjungi pada sesi ini'),
(48, 32, 4, 'Tidak dikunjungi pada sesi ini'),
(49, 32, 5, 'Tidak dikunjungi pada sesi ini'),
(50, 32, 6, 'Tidak dikunjungi pada sesi ini'),
(51, 37, 1, 'Tidak dikunjungi pada sesi ini'),
(52, 37, 3, 'Tidak dikunjungi pada sesi ini'),
(53, 37, 4, 'Tidak dikunjungi pada sesi ini'),
(54, 37, 6, 'Tidak dikunjungi pada sesi ini'),
(55, 38, 1, 'Tidak dikunjungi pada sesi ini'),
(56, 38, 2, 'Tidak dikunjungi pada sesi ini'),
(57, 38, 5, 'Tidak dikunjungi pada sesi ini'),
(58, 38, 6, 'Tidak dikunjungi pada sesi ini'),
(59, 39, 2, 'Tidak dikunjungi pada sesi ini'),
(60, 39, 3, 'Tidak dikunjungi pada sesi ini'),
(61, 39, 4, 'Tidak dikunjungi pada sesi ini'),
(62, 39, 5, 'Tidak dikunjungi pada sesi ini'),
(63, 39, 6, 'Tidak dikunjungi pada sesi ini'),
(64, 40, 5, 'Tidak dikunjungi pada sesi ini'),
(65, 40, 6, 'Tidak dikunjungi pada sesi ini'),
(66, 41, 4, 'Tidak dikunjungi pada sesi ini'),
(67, 41, 5, 'Tidak dikunjungi pada sesi ini'),
(68, 41, 6, 'Tidak dikunjungi pada sesi ini'),
(69, 42, 3, 'Tidak dikunjungi pada sesi ini'),
(70, 42, 4, 'Tidak dikunjungi pada sesi ini'),
(71, 43, 5, 'Tidak dikunjungi pada sesi ini'),
(72, 43, 6, 'Tidak dikunjungi pada sesi ini'),
(73, 44, 5, 'Tidak dikunjungi pada sesi ini'),
(74, 44, 6, 'Tidak dikunjungi pada sesi ini'),
(75, 45, 3, 'Tidak dikunjungi pada sesi ini'),
(76, 45, 4, 'Tidak dikunjungi pada sesi ini'),
(77, 46, 4, 'Tidak dikunjungi pada sesi ini'),
(78, 46, 5, 'Tidak dikunjungi pada sesi ini'),
(79, 46, 6, 'Tidak dikunjungi pada sesi ini'),
(80, 48, 5, 'Tidak dikunjungi pada sesi ini'),
(81, 48, 6, 'Tidak dikunjungi pada sesi ini'),
(82, 49, 5, 'Tidak dikunjungi pada sesi ini'),
(83, 49, 6, 'Tidak dikunjungi pada sesi ini'),
(84, 50, 3, 'Tidak dikunjungi pada sesi ini'),
(85, 50, 4, 'Tidak dikunjungi pada sesi ini'),
(86, 50, 6, 'Tidak dikunjungi pada sesi ini'),
(87, 55, 5, 'Tidak dikunjungi pada sesi ini'),
(88, 55, 6, 'Tidak dikunjungi pada sesi ini'),
(89, 56, 3, 'Tidak dikunjungi pada sesi ini'),
(90, 56, 4, 'Tidak dikunjungi pada sesi ini'),
(91, 56, 6, 'Tidak dikunjungi pada sesi ini'),
(92, 57, 4, 'Tidak dikunjungi pada sesi ini'),
(93, 57, 5, 'Tidak dikunjungi pada sesi ini'),
(94, 57, 6, 'Tidak dikunjungi pada sesi ini'),
(95, 62, 4, 'Tidak dikunjungi pada sesi ini'),
(96, 62, 6, 'Tidak dikunjungi pada sesi ini'),
(97, 63, 5, 'Tidak dikunjungi pada sesi ini'),
(98, 63, 6, 'Tidak dikunjungi pada sesi ini'),
(99, 64, 3, 'Tidak dikunjungi pada sesi ini'),
(100, 64, 5, 'Tidak dikunjungi pada sesi ini'),
(101, 65, 2, 'Tidak dikunjungi pada sesi ini'),
(102, 65, 4, 'Tidak dikunjungi pada sesi ini'),
(103, 65, 5, 'Tidak dikunjungi pada sesi ini'),
(104, 65, 6, 'Tidak dikunjungi pada sesi ini'),
(105, 66, 3, 'Tidak dikunjungi pada sesi ini'),
(106, 66, 4, 'Tidak dikunjungi pada sesi ini'),
(107, 66, 5, 'Tidak dikunjungi pada sesi ini'),
(108, 66, 6, 'Tidak dikunjungi pada sesi ini'),
(109, 67, 1, 'Tidak dikunjungi pada sesi ini'),
(110, 67, 2, 'Tidak dikunjungi pada sesi ini'),
(111, 67, 4, 'Tidak dikunjungi pada sesi ini'),
(112, 67, 5, 'Tidak dikunjungi pada sesi ini'),
(113, 67, 6, 'Tidak dikunjungi pada sesi ini'),
(114, 68, 5, 'Tidak dikunjungi pada sesi ini'),
(115, 68, 6, 'Tidak dikunjungi pada sesi ini'),
(116, 69, 3, 'Tidak dikunjungi pada sesi ini'),
(117, 69, 4, 'Tidak dikunjungi pada sesi ini'),
(118, 70, 3, 'Tidak dikunjungi pada sesi ini'),
(119, 70, 4, 'Tidak dikunjungi pada sesi ini'),
(120, 71, 4, 'Tidak dikunjungi pada sesi ini'),
(121, 71, 5, 'Tidak dikunjungi pada sesi ini'),
(122, 71, 6, 'Tidak dikunjungi pada sesi ini'),
(123, 73, 5, 'Tidak dikunjungi pada sesi ini'),
(124, 73, 6, 'Tidak dikunjungi pada sesi ini'),
(125, 74, 3, 'Tidak dikunjungi pada sesi ini'),
(126, 74, 5, 'Tidak dikunjungi pada sesi ini'),
(127, 74, 6, 'Tidak dikunjungi pada sesi ini'),
(128, 75, 4, 'Tidak dikunjungi pada sesi ini'),
(129, 75, 5, 'Tidak dikunjungi pada sesi ini'),
(130, 75, 6, 'Tidak dikunjungi pada sesi ini'),
(131, 76, 4, 'Tidak dikunjungi pada sesi ini'),
(132, 76, 6, 'Tidak dikunjungi pada sesi ini'),
(133, 82, 4, 'Tidak dikunjungi pada sesi ini'),
(134, 82, 5, 'Tidak dikunjungi pada sesi ini'),
(135, 82, 6, 'Tidak dikunjungi pada sesi ini'),
(136, 83, 3, 'Tidak dikunjungi pada sesi ini'),
(137, 84, 3, 'Tidak dikunjungi pada sesi ini'),
(138, 84, 6, 'Tidak dikunjungi pada sesi ini'),
(139, 85, 2, 'Tidak dikunjungi pada sesi ini'),
(140, 85, 4, 'Tidak dikunjungi pada sesi ini'),
(141, 85, 5, 'Tidak dikunjungi pada sesi ini'),
(142, 85, 6, 'Tidak dikunjungi pada sesi ini'),
(143, 86, 1, 'Tidak dikunjungi pada sesi ini'),
(144, 86, 3, 'Tidak dikunjungi pada sesi ini'),
(145, 86, 5, 'Tidak dikunjungi pada sesi ini'),
(146, 86, 6, 'Tidak dikunjungi pada sesi ini'),
(147, 91, 3, 'Tidak dikunjungi pada sesi ini'),
(148, 91, 4, 'Tidak dikunjungi pada sesi ini'),
(149, 91, 5, 'Tidak dikunjungi pada sesi ini'),
(150, 91, 6, 'Tidak dikunjungi pada sesi ini'),
(151, 92, 2, 'Tidak dikunjungi pada sesi ini'),
(152, 92, 3, 'Tidak dikunjungi pada sesi ini'),
(153, 92, 4, 'Tidak dikunjungi pada sesi ini'),
(154, 92, 5, 'Tidak dikunjungi pada sesi ini'),
(155, 92, 6, 'Tidak dikunjungi pada sesi ini'),
(156, 93, 1, 'Tidak dikunjungi pada sesi ini'),
(157, 93, 2, 'Tidak dikunjungi pada sesi ini'),
(158, 93, 4, 'Tidak dikunjungi pada sesi ini'),
(159, 93, 5, 'Tidak dikunjungi pada sesi ini'),
(160, 93, 6, 'Tidak dikunjungi pada sesi ini'),
(161, 94, 4, 'Tidak dikunjungi pada sesi ini'),
(162, 94, 5, 'Tidak dikunjungi pada sesi ini'),
(163, 94, 6, 'Tidak dikunjungi pada sesi ini'),
(164, 95, 5, 'Tidak dikunjungi pada sesi ini'),
(165, 95, 6, 'Tidak dikunjungi pada sesi ini'),
(166, 96, 3, 'Tidak dikunjungi pada sesi ini'),
(167, 96, 4, 'Tidak dikunjungi pada sesi ini'),
(168, 96, 6, 'Tidak dikunjungi pada sesi ini'),
(169, 97, 3, 'Tidak dikunjungi pada sesi ini'),
(170, 97, 4, 'Tidak dikunjungi pada sesi ini'),
(171, 97, 5, 'Tidak dikunjungi pada sesi ini'),
(172, 97, 6, 'Tidak dikunjungi pada sesi ini'),
(173, 98, 4, 'Tidak dikunjungi pada sesi ini'),
(174, 98, 5, 'Tidak dikunjungi pada sesi ini'),
(175, 98, 6, 'Tidak dikunjungi pada sesi ini'),
(176, 99, 3, 'Tidak dikunjungi pada sesi ini'),
(177, 99, 4, 'Tidak dikunjungi pada sesi ini'),
(178, 99, 5, 'Tidak dikunjungi pada sesi ini'),
(179, 99, 6, 'Tidak dikunjungi pada sesi ini'),
(180, 103, 4, 'Tidak dikunjungi pada sesi ini'),
(181, 103, 5, 'Tidak dikunjungi pada sesi ini'),
(182, 103, 6, 'Tidak dikunjungi pada sesi ini'),
(183, 104, 6, 'Tidak dikunjungi pada sesi ini'),
(184, 105, 3, 'Tidak dikunjungi pada sesi ini'),
(185, 105, 5, 'Tidak dikunjungi pada sesi ini'),
(186, 105, 6, 'Tidak dikunjungi pada sesi ini'),
(187, 106, 4, 'Tidak dikunjungi pada sesi ini'),
(188, 106, 6, 'Tidak dikunjungi pada sesi ini'),
(189, 107, 6, 'Tidak dikunjungi pada sesi ini'),
(190, 108, 3, 'Tidak dikunjungi pada sesi ini'),
(191, 108, 5, 'Tidak dikunjungi pada sesi ini'),
(192, 113, 4, 'Tidak dikunjungi pada sesi ini'),
(193, 113, 5, 'Tidak dikunjungi pada sesi ini'),
(194, 113, 6, 'Tidak dikunjungi pada sesi ini'),
(195, 114, 3, 'Tidak dikunjungi pada sesi ini'),
(196, 114, 4, 'Tidak dikunjungi pada sesi ini'),
(197, 115, 3, 'Tidak dikunjungi pada sesi ini'),
(198, 115, 5, 'Tidak dikunjungi pada sesi ini'),
(199, 115, 6, 'Tidak dikunjungi pada sesi ini'),
(200, 116, 5, 'Tidak dikunjungi pada sesi ini'),
(201, 116, 6, 'Tidak dikunjungi pada sesi ini'),
(202, 117, 3, 'Tidak dikunjungi pada sesi ini'),
(203, 117, 4, 'Tidak dikunjungi pada sesi ini'),
(204, 118, 4, 'Tidak dikunjungi pada sesi ini'),
(205, 118, 5, 'Tidak dikunjungi pada sesi ini'),
(206, 118, 6, 'Tidak dikunjungi pada sesi ini'),
(207, 119, 4, 'Tidak dikunjungi pada sesi ini'),
(208, 119, 5, 'Tidak dikunjungi pada sesi ini'),
(209, 119, 6, 'Tidak dikunjungi pada sesi ini'),
(210, 121, 3, 'Tidak dikunjungi pada sesi ini'),
(211, 121, 5, 'Tidak dikunjungi pada sesi ini'),
(212, 122, 4, 'Tidak dikunjungi pada sesi ini'),
(213, 122, 5, 'Tidak dikunjungi pada sesi ini'),
(214, 122, 6, 'Tidak dikunjungi pada sesi ini'),
(215, 123, 5, 'Tidak dikunjungi pada sesi ini'),
(216, 123, 6, 'Tidak dikunjungi pada sesi ini'),
(217, 124, 3, 'Tidak dikunjungi pada sesi ini'),
(218, 124, 4, 'Tidak dikunjungi pada sesi ini'),
(219, 124, 6, 'Tidak dikunjungi pada sesi ini'),
(220, 125, 4, 'Tidak dikunjungi pada sesi ini'),
(221, 125, 5, 'Tidak dikunjungi pada sesi ini'),
(222, 125, 6, 'Tidak dikunjungi pada sesi ini'),
(223, 126, 3, 'Tidak dikunjungi pada sesi ini'),
(224, 126, 4, 'Tidak dikunjungi pada sesi ini'),
(225, 126, 6, 'Tidak dikunjungi pada sesi ini'),
(226, 127, 5, 'Tidak dikunjungi pada sesi ini'),
(227, 127, 6, 'Tidak dikunjungi pada sesi ini'),
(228, 128, 3, 'Tidak dikunjungi pada sesi ini'),
(229, 128, 5, 'Tidak dikunjungi pada sesi ini'),
(230, 128, 6, 'Tidak dikunjungi pada sesi ini'),
(231, 130, 2, 'Tidak dikunjungi pada sesi ini'),
(232, 130, 4, 'Tidak dikunjungi pada sesi ini'),
(233, 130, 6, 'Tidak dikunjungi pada sesi ini'),
(234, 131, 5, 'Tidak dikunjungi pada sesi ini'),
(235, 131, 6, 'Tidak dikunjungi pada sesi ini'),
(236, 133, 3, 'Tidak dikunjungi pada sesi ini'),
(237, 133, 4, 'Tidak dikunjungi pada sesi ini'),
(238, 133, 5, 'Tidak dikunjungi pada sesi ini'),
(239, 133, 6, 'Tidak dikunjungi pada sesi ini'),
(240, 135, 2, 'Tidak dikunjungi pada sesi ini'),
(241, 135, 4, 'Tidak dikunjungi pada sesi ini'),
(242, 135, 6, 'Tidak dikunjungi pada sesi ini'),
(243, 136, 4, 'Tidak dikunjungi pada sesi ini'),
(244, 136, 5, 'Tidak dikunjungi pada sesi ini'),
(245, 136, 6, 'Tidak dikunjungi pada sesi ini'),
(246, 138, 2, 'Tidak dikunjungi pada sesi ini'),
(247, 138, 3, 'Tidak dikunjungi pada sesi ini'),
(248, 138, 5, 'Tidak dikunjungi pada sesi ini'),
(249, 138, 6, 'Tidak dikunjungi pada sesi ini'),
(250, 139, 4, 'Tidak dikunjungi pada sesi ini'),
(251, 139, 5, 'Tidak dikunjungi pada sesi ini'),
(252, 139, 6, 'Tidak dikunjungi pada sesi ini'),
(253, 140, 3, 'Tidak dikunjungi pada sesi ini'),
(254, 140, 5, 'Tidak dikunjungi pada sesi ini'),
(255, 140, 6, 'Tidak dikunjungi pada sesi ini'),
(256, 142, 5, 'Tidak dikunjungi pada sesi ini'),
(257, 142, 6, 'Tidak dikunjungi pada sesi ini'),
(258, 143, 3, 'Tidak dikunjungi pada sesi ini'),
(259, 143, 4, 'Tidak dikunjungi pada sesi ini'),
(260, 143, 6, 'Tidak dikunjungi pada sesi ini'),
(261, 144, 5, 'Tidak dikunjungi pada sesi ini'),
(262, 144, 6, 'Tidak dikunjungi pada sesi ini'),
(263, 145, 4, 'Tidak dikunjungi pada sesi ini'),
(264, 146, 3, 'Tidak dikunjungi pada sesi ini'),
(265, 146, 4, 'Tidak dikunjungi pada sesi ini'),
(266, 146, 5, 'Tidak dikunjungi pada sesi ini'),
(267, 146, 6, 'Tidak dikunjungi pada sesi ini'),
(268, 149, 1, 'Tidak dikunjungi pada sesi ini'),
(269, 149, 3, 'Tidak dikunjungi pada sesi ini'),
(270, 149, 4, 'Tidak dikunjungi pada sesi ini'),
(271, 149, 6, 'Tidak dikunjungi pada sesi ini'),
(272, 150, 1, 'Tidak dikunjungi pada sesi ini'),
(273, 150, 2, 'Tidak dikunjungi pada sesi ini'),
(274, 150, 4, 'Tidak dikunjungi pada sesi ini'),
(275, 150, 5, 'Tidak dikunjungi pada sesi ini'),
(276, 150, 6, 'Tidak dikunjungi pada sesi ini'),
(277, 154, 4, 'Tidak dikunjungi pada sesi ini'),
(278, 154, 5, 'Tidak dikunjungi pada sesi ini'),
(279, 154, 6, 'Tidak dikunjungi pada sesi ini'),
(280, 155, 6, 'Tidak dikunjungi pada sesi ini'),
(281, 156, 3, 'Tidak dikunjungi pada sesi ini'),
(282, 156, 5, 'Tidak dikunjungi pada sesi ini'),
(283, 157, 5, 'Tidak dikunjungi pada sesi ini'),
(284, 157, 6, 'Tidak dikunjungi pada sesi ini'),
(285, 158, 3, 'Tidak dikunjungi pada sesi ini'),
(286, 158, 4, 'Tidak dikunjungi pada sesi ini'),
(287, 158, 5, 'Tidak dikunjungi pada sesi ini'),
(288, 159, 3, 'Tidak dikunjungi pada sesi ini'),
(289, 159, 4, 'Tidak dikunjungi pada sesi ini'),
(290, 159, 6, 'Tidak dikunjungi pada sesi ini'),
(291, 160, 2, 'Tidak dikunjungi pada sesi ini'),
(292, 160, 4, 'Tidak dikunjungi pada sesi ini'),
(293, 160, 5, 'Tidak dikunjungi pada sesi ini'),
(294, 160, 6, 'Tidak dikunjungi pada sesi ini'),
(295, 161, 1, 'Tidak dikunjungi pada sesi ini'),
(296, 161, 3, 'Tidak dikunjungi pada sesi ini'),
(297, 161, 4, 'Tidak dikunjungi pada sesi ini'),
(298, 161, 5, 'Tidak dikunjungi pada sesi ini'),
(299, 161, 6, 'Tidak dikunjungi pada sesi ini'),
(300, 162, 4, 'Tidak dikunjungi pada sesi ini'),
(301, 162, 6, 'Tidak dikunjungi pada sesi ini'),
(302, 165, 5, 'Tidak dikunjungi pada sesi ini'),
(303, 165, 6, 'Tidak dikunjungi pada sesi ini'),
(304, 167, 2, 'Tidak dikunjungi pada sesi ini'),
(305, 167, 4, 'Tidak dikunjungi pada sesi ini'),
(306, 167, 6, 'Tidak dikunjungi pada sesi ini'),
(307, 171, 4, 'Tidak dikunjungi pada sesi ini'),
(308, 171, 5, 'Tidak dikunjungi pada sesi ini'),
(309, 171, 6, 'Tidak dikunjungi pada sesi ini'),
(310, 173, 3, 'Tidak dikunjungi pada sesi ini'),
(311, 173, 5, 'Tidak dikunjungi pada sesi ini'),
(312, 173, 6, 'Tidak dikunjungi pada sesi ini'),
(313, 174, 5, 'Tidak dikunjungi pada sesi ini'),
(314, 174, 6, 'Tidak dikunjungi pada sesi ini'),
(315, 175, 3, 'Tidak dikunjungi pada sesi ini'),
(316, 175, 4, 'Tidak dikunjungi pada sesi ini'),
(317, 175, 6, 'Tidak dikunjungi pada sesi ini'),
(318, 176, 4, 'Tidak dikunjungi pada sesi ini'),
(319, 176, 5, 'Tidak dikunjungi pada sesi ini'),
(320, 176, 6, 'Tidak dikunjungi pada sesi ini'),
(321, 177, 4, 'Tidak dikunjungi pada sesi ini'),
(322, 177, 5, 'Tidak dikunjungi pada sesi ini'),
(323, 177, 6, 'Tidak dikunjungi pada sesi ini'),
(324, 178, 3, 'Tidak dikunjungi pada sesi ini'),
(325, 178, 6, 'Tidak dikunjungi pada sesi ini'),
(326, 179, 3, 'Tidak dikunjungi pada sesi ini'),
(327, 179, 5, 'Tidak dikunjungi pada sesi ini'),
(328, 179, 6, 'Tidak dikunjungi pada sesi ini'),
(329, 180, 4, 'Tidak dikunjungi pada sesi ini'),
(330, 180, 5, 'Tidak dikunjungi pada sesi ini'),
(331, 180, 6, 'Tidak dikunjungi pada sesi ini'),
(332, 182, 2, 'Tidak dikunjungi pada sesi ini'),
(333, 182, 3, 'Tidak dikunjungi pada sesi ini'),
(334, 182, 5, 'Tidak dikunjungi pada sesi ini'),
(335, 186, 3, 'Tidak dikunjungi pada sesi ini'),
(336, 186, 4, 'Tidak dikunjungi pada sesi ini'),
(337, 186, 5, 'Tidak dikunjungi pada sesi ini'),
(338, 186, 6, 'Tidak dikunjungi pada sesi ini'),
(339, 187, 1, 'Tidak dikunjungi pada sesi ini'),
(340, 187, 2, 'Tidak dikunjungi pada sesi ini'),
(341, 187, 3, 'Tidak dikunjungi pada sesi ini'),
(342, 187, 6, 'Tidak dikunjungi pada sesi ini'),
(343, 188, 5, 'Tidak dikunjungi pada sesi ini'),
(344, 188, 6, 'Tidak dikunjungi pada sesi ini'),
(345, 190, 3, 'Tidak dikunjungi pada sesi ini'),
(346, 190, 4, 'Tidak dikunjungi pada sesi ini'),
(347, 190, 6, 'Tidak dikunjungi pada sesi ini'),
(348, 191, 1, 'Tidak dikunjungi pada sesi ini'),
(349, 191, 2, 'Tidak dikunjungi pada sesi ini'),
(350, 191, 4, 'Tidak dikunjungi pada sesi ini'),
(351, 191, 5, 'Tidak dikunjungi pada sesi ini'),
(352, 191, 6, 'Tidak dikunjungi pada sesi ini'),
(353, 192, 2, 'Tidak dikunjungi pada sesi ini'),
(354, 192, 3, 'Tidak dikunjungi pada sesi ini'),
(355, 192, 4, 'Tidak dikunjungi pada sesi ini'),
(356, 192, 5, 'Tidak dikunjungi pada sesi ini'),
(357, 192, 6, 'Tidak dikunjungi pada sesi ini'),
(358, 196, 4, 'Tidak dikunjungi pada sesi ini'),
(359, 196, 5, 'Tidak dikunjungi pada sesi ini'),
(360, 196, 6, 'Tidak dikunjungi pada sesi ini'),
(361, 197, 3, 'Tidak dikunjungi pada sesi ini'),
(362, 197, 4, 'Tidak dikunjungi pada sesi ini'),
(363, 198, 3, 'Tidak dikunjungi pada sesi ini'),
(364, 198, 5, 'Tidak dikunjungi pada sesi ini'),
(365, 198, 6, 'Tidak dikunjungi pada sesi ini'),
(366, 199, 4, 'Tidak dikunjungi pada sesi ini'),
(367, 199, 5, 'Tidak dikunjungi pada sesi ini'),
(368, 199, 6, 'Tidak dikunjungi pada sesi ini'),
(369, 200, 5, 'Tidak dikunjungi pada sesi ini'),
(370, 200, 6, 'Tidak dikunjungi pada sesi ini'),
(371, 201, 3, 'Tidak dikunjungi pada sesi ini'),
(372, 201, 4, 'Tidak dikunjungi pada sesi ini'),
(373, 201, 6, 'Tidak dikunjungi pada sesi ini'),
(374, 202, 5, 'Tidak dikunjungi pada sesi ini'),
(375, 202, 6, 'Tidak dikunjungi pada sesi ini'),
(376, 203, 3, 'Tidak dikunjungi pada sesi ini'),
(377, 203, 4, 'Tidak dikunjungi pada sesi ini'),
(378, 203, 6, 'Tidak dikunjungi pada sesi ini'),
(379, 204, 4, 'Tidak dikunjungi pada sesi ini'),
(380, 204, 5, 'Tidak dikunjungi pada sesi ini'),
(381, 204, 6, 'Tidak dikunjungi pada sesi ini'),
(382, 209, 4, 'Tidak dikunjungi pada sesi ini'),
(383, 209, 6, 'Tidak dikunjungi pada sesi ini'),
(384, 210, 4, 'Tidak dikunjungi pada sesi ini'),
(385, 210, 5, 'Tidak dikunjungi pada sesi ini'),
(386, 210, 6, 'Tidak dikunjungi pada sesi ini'),
(387, 211, 6, 'Tidak dikunjungi pada sesi ini'),
(388, 212, 3, 'Tidak dikunjungi pada sesi ini'),
(389, 212, 5, 'Tidak dikunjungi pada sesi ini'),
(390, 217, 4, 'Tidak dikunjungi pada sesi ini'),
(391, 217, 5, 'Tidak dikunjungi pada sesi ini'),
(392, 217, 6, 'Tidak dikunjungi pada sesi ini'),
(393, 219, 3, 'Tidak dikunjungi pada sesi ini'),
(394, 219, 4, 'Tidak dikunjungi pada sesi ini'),
(395, 219, 6, 'Tidak dikunjungi pada sesi ini'),
(396, 220, 5, 'Tidak dikunjungi pada sesi ini'),
(397, 220, 6, 'Tidak dikunjungi pada sesi ini'),
(398, 222, 2, 'Tidak dikunjungi pada sesi ini'),
(399, 222, 4, 'Tidak dikunjungi pada sesi ini'),
(400, 222, 6, 'Tidak dikunjungi pada sesi ini'),
(401, 223, 4, 'Tidak dikunjungi pada sesi ini'),
(402, 223, 5, 'Tidak dikunjungi pada sesi ini'),
(403, 223, 6, 'Tidak dikunjungi pada sesi ini'),
(404, 224, 1, 'Tidak dikunjungi pada sesi ini'),
(405, 224, 2, 'Tidak dikunjungi pada sesi ini'),
(406, 224, 3, 'Tidak dikunjungi pada sesi ini'),
(407, 224, 6, 'Tidak dikunjungi pada sesi ini'),
(408, 229, 5, 'Tidak dikunjungi pada sesi ini'),
(409, 229, 6, 'Tidak dikunjungi pada sesi ini'),
(410, 231, 3, 'Tidak dikunjungi pada sesi ini'),
(411, 231, 4, 'Tidak dikunjungi pada sesi ini'),
(412, 231, 6, 'Tidak dikunjungi pada sesi ini'),
(413, 232, 5, 'Tidak dikunjungi pada sesi ini'),
(414, 232, 6, 'Tidak dikunjungi pada sesi ini'),
(415, 233, 3, 'Tidak dikunjungi pada sesi ini'),
(416, 233, 4, 'Tidak dikunjungi pada sesi ini'),
(417, 233, 6, 'Tidak dikunjungi pada sesi ini'),
(418, 234, 4, 'Tidak dikunjungi pada sesi ini'),
(419, 234, 5, 'Tidak dikunjungi pada sesi ini'),
(420, 234, 6, 'Tidak dikunjungi pada sesi ini'),
(421, 235, 4, 'Tidak dikunjungi pada sesi ini'),
(422, 235, 5, 'Tidak dikunjungi pada sesi ini'),
(423, 235, 6, 'Tidak dikunjungi pada sesi ini'),
(424, 237, 3, 'Tidak dikunjungi pada sesi ini'),
(425, 237, 5, 'Tidak dikunjungi pada sesi ini'),
(426, 237, 6, 'Tidak dikunjungi pada sesi ini'),
(427, 242, 5, 'Tidak dikunjungi pada sesi ini'),
(428, 242, 6, 'Tidak dikunjungi pada sesi ini'),
(429, 243, 3, 'Tidak dikunjungi pada sesi ini'),
(430, 243, 4, 'Tidak dikunjungi pada sesi ini'),
(431, 244, 4, 'Tidak dikunjungi pada sesi ini'),
(432, 244, 6, 'Tidak dikunjungi pada sesi ini'),
(433, 245, 5, 'Tidak dikunjungi pada sesi ini'),
(434, 245, 6, 'Tidak dikunjungi pada sesi ini'),
(435, 247, 3, 'Tidak dikunjungi pada sesi ini'),
(436, 247, 4, 'Tidak dikunjungi pada sesi ini'),
(437, 247, 6, 'Tidak dikunjungi pada sesi ini'),
(438, 248, 2, 'Tidak dikunjungi pada sesi ini'),
(439, 248, 4, 'Tidak dikunjungi pada sesi ini'),
(440, 248, 5, 'Tidak dikunjungi pada sesi ini'),
(441, 248, 6, 'Tidak dikunjungi pada sesi ini'),
(442, 249, 1, 'Tidak dikunjungi pada sesi ini'),
(443, 249, 3, 'Tidak dikunjungi pada sesi ini'),
(444, 249, 4, 'Tidak dikunjungi pada sesi ini'),
(445, 249, 5, 'Tidak dikunjungi pada sesi ini'),
(446, 249, 6, 'Tidak dikunjungi pada sesi ini'),
(463, 250, 1, 'Belum dikunjungi'),
(464, 250, 2, 'Belum dikunjungi'),
(469, 252, 2, 'Belum dikunjungi'),
(470, 252, 3, 'Belum dikunjungi'),
(471, 252, 4, 'Belum dikunjungi'),
(472, 252, 5, 'Belum dikunjungi'),
(473, 252, 6, 'Belum dikunjungi'),
(485, 253, 1, 'Belum dikunjungi'),
(486, 253, 2, 'Belum dikunjungi'),
(487, 253, 3, 'Belum dikunjungi'),
(488, 253, 5, 'Belum dikunjungi'),
(503, 254, 4, 'Belum dikunjungi'),
(504, 255, 2, 'Belum dikunjungi'),
(505, 255, 3, 'Belum dikunjungi'),
(506, 255, 4, 'Belum dikunjungi'),
(507, 255, 5, 'Belum dikunjungi'),
(508, 255, 6, 'Belum dikunjungi'),
(509, 255, 13, 'Belum dikunjungi');

-- --------------------------------------------------------

--
-- Table structure for table `perangkat_rfid`
--

CREATE TABLE `perangkat_rfid` (
  `alat_id` int(10) UNSIGNED NOT NULL,
  `ruangan_id` int(10) UNSIGNED NOT NULL,
  `kode_perangkat` varchar(100) NOT NULL,
  `username_login` varchar(50) DEFAULT NULL,
  `password_login` varchar(100) DEFAULT NULL,
  `ip_address` varchar(100) DEFAULT NULL,
  `status_perangkat` enum('Online','Offline','Maintenance') DEFAULT 'Offline',
  `last_online` datetime DEFAULT NULL,
  `created_at` timestamp NULL DEFAULT current_timestamp(),
  `updated_at` timestamp NULL DEFAULT current_timestamp() ON UPDATE current_timestamp(),
  `tipe_perangkat` enum('ESP32_38PIN','ESP32_30PIN') DEFAULT 'ESP32_30PIN',
  `fitur_lcd` tinyint(1) DEFAULT 0,
  `fitur_buzzer` tinyint(1) DEFAULT 1,
  `fitur_rfid` tinyint(1) NOT NULL DEFAULT 1
) ENGINE=InnoDB DEFAULT CHARSET=utf8mb4 COLLATE=utf8mb4_0900_ai_ci;

--
-- Dumping data for table `perangkat_rfid`
--

INSERT INTO `perangkat_rfid` (`alat_id`, `ruangan_id`, `kode_perangkat`, `username_login`, `password_login`, `ip_address`, `status_perangkat`, `last_online`, `created_at`, `updated_at`, `tipe_perangkat`, `fitur_lcd`, `fitur_buzzer`, `fitur_rfid`) VALUES
(1, 1, 'DEVICE_01', 'mntt01', 'Gkibrm01', '114.5.111.154', 'Offline', '2026-07-01 05:46:02', '2026-06-01 03:08:08', '2026-07-02 06:47:50', 'ESP32_38PIN', 1, 1, 1),
(2, 2, 'DEVICE_02', 'mntt02', 'Gkibrm01', '114.5.104.215', 'Offline', '2026-06-11 15:39:53', '2026-06-01 03:08:08', '2026-06-11 08:43:52', 'ESP32_38PIN', 1, 1, 1),
(3, 3, 'DEVICE_03', 'mntt03', 'Gkibrm01', '114.5.104.215', 'Offline', '2026-06-11 15:39:50', '2026-06-01 03:08:08', '2026-06-11 08:43:52', 'ESP32_30PIN', 0, 1, 1),
(4, 4, 'DEVICE_04', 'mntt04', 'Gkibrm01', '114.5.104.215', 'Offline', '2026-06-11 15:39:05', '2026-06-01 03:08:08', '2026-06-11 08:43:52', 'ESP32_30PIN', 0, 1, 1),
(5, 5, 'DEVICE_05', 'mntt05', 'Gkibrm01', '114.5.104.215', 'Offline', '2026-06-11 15:39:10', '2026-06-01 03:08:08', '2026-06-11 08:43:52', 'ESP32_30PIN', 0, 1, 1),
(6, 6, 'DEVICE_06', 'mntt06', 'Gkibrm01', '114.5.104.215', 'Offline', '2026-06-11 15:38:19', '2026-06-01 03:08:08', '2026-06-11 08:41:57', 'ESP32_30PIN', 0, 1, 1);

-- --------------------------------------------------------

--
-- Table structure for table `rfid_tap`
--

CREATE TABLE `rfid_tap` (
  `tap_id` bigint(20) UNSIGNED NOT NULL,
  `waktu_tap` datetime NOT NULL DEFAULT current_timestamp(),
  `uid_rfid` varchar(100) NOT NULL,
  `alat_id` int(10) UNSIGNED NOT NULL,
  `user_id` int(10) UNSIGNED DEFAULT NULL,
  `ruangan_id` int(10) UNSIGNED DEFAULT NULL,
  `jadwal_shift_id` int(10) UNSIGNED DEFAULT NULL,
  `jenis` enum('Terdaftar','Asing') NOT NULL DEFAULT 'Asing',
  `status_validasi` enum('Sesuai','Terlambat','Tidak Sesuai','Tidak Terjadwal','Di Luar Jadwal') DEFAULT NULL,
  `urutan_aktual` int(11) DEFAULT NULL,
  `urutan_seharusnya` int(11) DEFAULT NULL,
  `is_lcs_match` tinyint(1) DEFAULT 0,
  `is_offline_tap` tinyint(1) DEFAULT 0
) ENGINE=InnoDB DEFAULT CHARSET=utf8mb4 COLLATE=utf8mb4_0900_ai_ci;

--
-- Dumping data for table `rfid_tap`
--

INSERT INTO `rfid_tap` (`tap_id`, `waktu_tap`, `uid_rfid`, `alat_id`, `user_id`, `ruangan_id`, `jadwal_shift_id`, `jenis`, `status_validasi`, `urutan_aktual`, `urutan_seharusnya`, `is_lcs_match`, `is_offline_tap`) VALUES
(1, '2026-03-01 06:05:00', 'DCB7D505', 1, 8, 1, 1, 'Terdaftar', 'Sesuai', 1, 1, 1, 0),
(2, '2026-03-01 06:13:00', 'DCB7D505', 2, 8, 2, 1, 'Terdaftar', 'Sesuai', 2, 2, 1, 0),
(3, '2026-03-01 06:21:00', 'DCB7D505', 3, 8, 3, 1, 'Terdaftar', 'Sesuai', 3, 3, 1, 0),
(4, '2026-03-01 06:29:00', 'DCB7D505', 4, 8, 4, 1, 'Terdaftar', 'Sesuai', 4, 4, 1, 0),
(5, '2026-03-01 06:37:00', 'DCB7D505', 5, 8, 5, 1, 'Terdaftar', 'Sesuai', 5, 5, 1, 0),
(6, '2026-03-01 06:45:00', 'DCB7D505', 6, 8, 6, 1, 'Terdaftar', 'Sesuai', 6, 6, 1, 0),
(7, '2026-03-01 07:00:00', '5645F2B8', 1, 9, 1, 1, 'Terdaftar', 'Sesuai', 1, 1, 1, 0),
(8, '2026-03-01 07:09:00', '5645F2B8', 2, 9, 2, 1, 'Terdaftar', 'Sesuai', 2, 2, 1, 0),
(9, '2026-03-01 07:17:00', '5645F2B8', 3, 9, 3, 1, 'Terdaftar', 'Sesuai', 3, 3, 1, 0),
(10, '2026-03-01 07:25:00', '5645F2B8', 4, 9, 4, 1, 'Terdaftar', 'Sesuai', 4, 4, 1, 0),
(11, '2026-03-01 07:33:00', '5645F2B8', 5, 9, 5, 1, 'Terdaftar', 'Sesuai', 5, 5, 1, 0),
(12, '2026-03-01 07:41:00', '5645F2B8', 6, 9, 6, 1, 'Terdaftar', 'Sesuai', 6, 6, 1, 0),
(13, '2026-03-01 09:10:00', 'DCB7D505', 1, 8, 1, 1, 'Terdaftar', 'Sesuai', 1, 1, 1, 0),
(14, '2026-03-01 09:18:00', 'DCB7D505', 2, 8, 2, 1, 'Terdaftar', 'Sesuai', 2, 2, 1, 0),
(15, '2026-03-01 09:26:00', 'DCB7D505', 3, 8, 3, 1, 'Terdaftar', 'Sesuai', 3, 3, 1, 0),
(16, '2026-03-01 09:34:00', 'DCB7D505', 4, 8, 4, 1, 'Terdaftar', 'Sesuai', 4, 4, 1, 0),
(17, '2026-03-01 09:42:00', 'DCB7D505', 5, 8, 5, 1, 'Terdaftar', 'Sesuai', 5, 5, 1, 0),
(18, '2026-03-01 09:50:00', 'DCB7D505', 6, 8, 6, 1, 'Terdaftar', 'Sesuai', 6, 6, 1, 0),
(19, '2026-03-01 10:30:00', '5645F2B8', 1, 9, 1, 1, 'Terdaftar', 'Sesuai', 1, 1, 1, 0),
(20, '2026-03-01 10:38:00', '5645F2B8', 2, 9, 2, 1, 'Terdaftar', 'Sesuai', 2, 2, 1, 0),
(21, '2026-03-01 10:46:00', '5645F2B8', 3, 9, 3, 1, 'Terdaftar', 'Sesuai', 3, 3, 1, 0),
(22, '2026-03-01 10:54:00', '5645F2B8', 4, 9, 4, 1, 'Terdaftar', 'Sesuai', 4, 4, 1, 0),
(23, '2026-03-01 11:02:00', '5645F2B8', 5, 9, 5, 1, 'Terdaftar', 'Sesuai', 5, 5, 1, 0),
(24, '2026-03-01 11:10:00', '5645F2B8', 6, 9, 6, 1, 'Terdaftar', 'Sesuai', 6, 6, 1, 0),
(25, '2026-03-01 14:08:00', '965D97B8', 1, 10, 1, 2, 'Terdaftar', 'Sesuai', 1, 1, 1, 0),
(26, '2026-03-01 14:17:00', '965D97B8', 2, 10, 2, 2, 'Terdaftar', 'Sesuai', 2, 2, 1, 0),
(27, '2026-03-01 14:25:00', '965D97B8', 3, 10, 3, 2, 'Terdaftar', 'Sesuai', 3, 3, 1, 0),
(28, '2026-03-01 14:38:00', '965D97B8', 5, 10, 5, 2, 'Terdaftar', 'Sesuai', 4, 5, 1, 0),
(29, '2026-03-01 14:46:00', '965D97B8', 6, 10, 6, 2, 'Terdaftar', 'Sesuai', 5, 6, 1, 0),
(30, '2026-03-01 15:10:00', '66E6CFB8', 1, 11, 1, 2, 'Terdaftar', 'Sesuai', 1, 1, 1, 0),
(31, '2026-03-01 15:18:00', '66E6CFB8', 2, 11, 2, 2, 'Terdaftar', 'Sesuai', 2, 2, 1, 0),
(32, '2026-03-01 15:30:00', '66E6CFB8', 4, 11, 4, 2, 'Terdaftar', 'Sesuai', 3, 4, 1, 0),
(33, '2026-03-01 15:38:00', '66E6CFB8', 5, 11, 5, 2, 'Terdaftar', 'Sesuai', 4, 5, 1, 0),
(34, '2026-03-01 15:46:00', '66E6CFB8', 6, 11, 6, 2, 'Terdaftar', 'Sesuai', 5, 6, 1, 0),
(35, '2026-03-01 17:05:00', '965D97B8', 1, 10, 1, 2, 'Terdaftar', 'Sesuai', 1, 1, 1, 0),
(36, '2026-03-01 17:13:00', '965D97B8', 2, 10, 2, 2, 'Terdaftar', 'Sesuai', 2, 2, 1, 0),
(37, '2026-03-01 17:21:00', '965D97B8', 3, 10, 3, 2, 'Terdaftar', 'Sesuai', 3, 3, 1, 0),
(38, '2026-03-01 19:00:00', '66E6CFB8', 1, 11, 1, 2, 'Terdaftar', 'Sesuai', 1, 1, 1, 0),
(39, '2026-03-01 19:10:00', '66E6CFB8', 3, 11, 3, 2, 'Terdaftar', 'Sesuai', 2, 3, 1, 0),
(40, '2026-03-01 19:18:00', '66E6CFB8', 2, 11, 2, 2, 'Terdaftar', 'Sesuai', 3, 2, 0, 0),
(41, '2026-03-01 19:30:00', '66E6CFB8', 5, 11, 5, 2, 'Terdaftar', 'Sesuai', 4, 5, 1, 0),
(42, '2026-03-01 19:38:00', '66E6CFB8', 4, 11, 4, 2, 'Terdaftar', 'Sesuai', 5, 4, 0, 0),
(43, '2026-03-01 19:46:00', '66E6CFB8', 6, 11, 6, 2, 'Terdaftar', 'Sesuai', 6, 6, 1, 0),
(44, '2026-03-01 23:47:00', '598CB311', 1, 12, 1, 3, 'Terdaftar', 'Sesuai', 1, 1, 1, 0),
(45, '2026-03-01 23:55:00', '598CB311', 2, 12, 2, 3, 'Terdaftar', 'Sesuai', 2, 2, 1, 0),
(46, '2026-03-02 00:03:00', '598CB311', 3, 12, 3, 3, 'Terdaftar', 'Sesuai', 3, 3, 1, 0),
(47, '2026-03-02 00:11:00', '598CB311', 4, 12, 4, 3, 'Terdaftar', 'Sesuai', 4, 4, 1, 0),
(48, '2026-03-02 00:19:00', '598CB311', 5, 12, 5, 3, 'Terdaftar', 'Sesuai', 5, 5, 1, 0),
(49, '2026-03-02 00:27:00', '598CB311', 6, 12, 6, 3, 'Terdaftar', 'Sesuai', 6, 6, 1, 0),
(50, '2026-03-02 01:10:00', '19213E12', 1, 13, 1, 3, 'Terdaftar', 'Sesuai', 1, 1, 1, 0),
(51, '2026-03-02 01:18:00', '19213E12', 2, 13, 2, 3, 'Terdaftar', 'Sesuai', 2, 2, 1, 0),
(52, '2026-03-02 01:26:00', '19213E12', 3, 13, 3, 3, 'Terdaftar', 'Sesuai', 3, 3, 1, 0),
(53, '2026-03-02 06:20:00', 'F9AB9604', 1, 14, 1, 4, 'Terdaftar', 'Sesuai', 1, 1, 1, 0),
(54, '2026-03-02 06:29:00', 'F9AB9604', 2, 14, 2, 4, 'Terdaftar', 'Sesuai', 2, 2, 1, 0),
(55, '2026-03-02 06:37:00', 'F9AB9604', 3, 14, 3, 4, 'Terdaftar', 'Sesuai', 3, 3, 1, 0),
(56, '2026-03-02 07:00:00', 'E2698604', 1, 15, 1, 4, 'Terdaftar', 'Di Luar Jadwal', 1, 1, 1, 0),
(57, '2026-03-02 07:08:00', 'E2698604', 2, 15, 2, 4, 'Terdaftar', 'Di Luar Jadwal', 2, 2, 1, 0),
(58, '2026-03-02 09:30:00', 'F9AB9604', 1, 14, 1, 4, 'Terdaftar', 'Di Luar Jadwal', 1, 1, 1, 0),
(59, '2026-03-02 22:05:00', '965D97B8', 1, 10, 1, 6, 'Terdaftar', 'Sesuai', 1, 1, 1, 0),
(60, '2026-03-02 22:13:00', '965D97B8', 2, 10, 2, 6, 'Terdaftar', 'Sesuai', 2, 2, 1, 0),
(61, '2026-03-02 22:21:00', '965D97B8', 3, 10, 3, 6, 'Terdaftar', 'Sesuai', 3, 3, 1, 0),
(62, '2026-03-02 22:29:00', '965D97B8', 4, 10, 4, 6, 'Terdaftar', 'Sesuai', 4, 4, 1, 0),
(63, '2026-03-02 22:37:00', '965D97B8', 5, 10, 5, 6, 'Terdaftar', 'Sesuai', 5, 5, 1, 0),
(64, '2026-03-02 22:45:00', '965D97B8', 6, 10, 6, 6, 'Terdaftar', 'Sesuai', 6, 6, 1, 0),
(65, '2026-03-02 23:30:00', '66E6CFB8', 1, 11, 1, 6, 'Terdaftar', 'Sesuai', 1, 1, 1, 0),
(66, '2026-03-02 23:38:00', '66E6CFB8', 2, 11, 2, 6, 'Terdaftar', 'Sesuai', 2, 2, 1, 0),
(67, '2026-03-02 23:46:00', '66E6CFB8', 3, 11, 3, 6, 'Terdaftar', 'Sesuai', 3, 3, 1, 0),
(68, '2026-03-02 23:54:00', '66E6CFB8', 4, 11, 4, 6, 'Terdaftar', 'Sesuai', 4, 4, 1, 0),
(69, '2026-03-03 00:02:00', '66E6CFB8', 5, 11, 5, 6, 'Terdaftar', 'Sesuai', 5, 5, 1, 0),
(70, '2026-03-03 00:10:00', '66E6CFB8', 6, 11, 6, 6, 'Terdaftar', 'Sesuai', 6, 6, 1, 0),
(71, '2026-03-03 02:05:00', '965D97B8', 1, 10, 1, 6, 'Terdaftar', 'Sesuai', 1, 1, 1, 0),
(72, '2026-03-03 02:13:00', '965D97B8', 2, 10, 2, 6, 'Terdaftar', 'Sesuai', 2, 2, 1, 0),
(73, '2026-03-03 02:21:00', '965D97B8', 3, 10, 3, 6, 'Terdaftar', 'Sesuai', 3, 3, 1, 0),
(74, '2026-03-03 02:29:00', '965D97B8', 4, 10, 4, 6, 'Terdaftar', 'Sesuai', 4, 4, 1, 0),
(75, '2026-03-03 02:37:00', '965D97B8', 5, 10, 5, 6, 'Terdaftar', 'Sesuai', 5, 5, 1, 0),
(76, '2026-03-03 02:45:00', '965D97B8', 6, 10, 6, 6, 'Terdaftar', 'Sesuai', 6, 6, 1, 0),
(77, '2026-03-03 04:00:00', '66E6CFB8', 1, 11, 1, 6, 'Terdaftar', 'Sesuai', 1, 1, 1, 0),
(78, '2026-03-03 04:08:00', '66E6CFB8', 2, 11, 2, 6, 'Terdaftar', 'Sesuai', 2, 2, 1, 0),
(79, '2026-03-03 04:16:00', '66E6CFB8', 3, 11, 3, 6, 'Terdaftar', 'Sesuai', 3, 3, 1, 0),
(80, '2026-03-03 04:24:00', '66E6CFB8', 4, 11, 4, 6, 'Terdaftar', 'Sesuai', 4, 4, 1, 0),
(81, '2026-03-03 04:32:00', '66E6CFB8', 5, 11, 5, 6, 'Terdaftar', 'Sesuai', 5, 5, 1, 0),
(82, '2026-03-03 04:40:00', '66E6CFB8', 6, 11, 6, 6, 'Terdaftar', 'Sesuai', 6, 6, 1, 0),
(83, '2026-03-03 06:10:00', '598CB311', 6, 12, 6, 7, 'Terdaftar', 'Sesuai', 1, 6, 0, 0),
(84, '2026-03-03 06:18:00', '598CB311', 4, 12, 4, 7, 'Terdaftar', 'Sesuai', 2, 4, 0, 0),
(85, '2026-03-03 06:26:00', '598CB311', 1, 12, 1, 7, 'Terdaftar', 'Sesuai', 3, 1, 1, 0),
(86, '2026-03-03 06:34:00', '598CB311', 5, 12, 5, 7, 'Terdaftar', 'Sesuai', 4, 5, 0, 0),
(87, '2026-03-03 06:42:00', '598CB311', 2, 12, 2, 7, 'Terdaftar', 'Sesuai', 5, 2, 1, 0),
(88, '2026-03-03 06:50:00', '598CB311', 3, 12, 3, 7, 'Terdaftar', 'Sesuai', 6, 3, 1, 0),
(89, '2026-03-03 07:30:00', '19213E12', 3, 13, 3, 7, 'Terdaftar', 'Sesuai', 1, 3, 1, 0),
(90, '2026-03-03 07:38:00', '19213E12', 5, 13, 5, 7, 'Terdaftar', 'Sesuai', 2, 5, 1, 0),
(91, '2026-03-03 07:46:00', '19213E12', 1, 13, 1, 7, 'Terdaftar', 'Sesuai', 3, 1, 0, 0),
(92, '2026-03-03 07:54:00', '19213E12', 6, 13, 6, 7, 'Terdaftar', 'Sesuai', 4, 6, 1, 0),
(93, '2026-03-03 08:02:00', '19213E12', 2, 13, 2, 7, 'Terdaftar', 'Sesuai', 5, 2, 0, 0),
(94, '2026-03-03 08:10:00', '19213E12', 4, 13, 4, 7, 'Terdaftar', 'Sesuai', 6, 4, 0, 0),
(95, '2026-03-03 10:00:00', '598CB311', 1, 12, 1, 7, 'Terdaftar', 'Di Luar Jadwal', 1, 1, 1, 0),
(96, '2026-03-03 10:08:00', '598CB311', 2, 12, 2, 7, 'Terdaftar', 'Di Luar Jadwal', 2, 2, 1, 0),
(97, '2026-03-03 14:15:00', 'F9AB9604', 1, 14, 1, 8, 'Terdaftar', 'Sesuai', 1, 1, 1, 0),
(98, '2026-03-03 14:23:00', 'F9AB9604', 2, 14, 2, 8, 'Terdaftar', 'Sesuai', 2, 2, 1, 0),
(99, '2026-03-03 14:31:00', 'F9AB9604', 3, 14, 3, 8, 'Terdaftar', 'Sesuai', 3, 3, 1, 0),
(100, '2026-03-03 14:39:00', 'F9AB9604', 4, 14, 4, 8, 'Terdaftar', 'Sesuai', 4, 4, 1, 0),
(101, '2026-03-03 15:30:00', 'E2698604', 1, 15, 1, 8, 'Terdaftar', 'Sesuai', 1, 1, 1, 0),
(102, '2026-03-03 15:38:00', 'E2698604', 2, 15, 2, 8, 'Terdaftar', 'Sesuai', 2, 2, 1, 0),
(103, '2026-03-03 15:50:00', 'E2698604', 5, 15, 5, 8, 'Terdaftar', 'Sesuai', 3, 5, 1, 0),
(104, '2026-03-03 15:58:00', 'E2698604', 6, 15, 6, 8, 'Terdaftar', 'Sesuai', 4, 6, 1, 0),
(105, '2026-03-03 18:00:00', 'F9AB9604', 1, 14, 1, 8, 'Terdaftar', 'Sesuai', 1, 1, 1, 0),
(106, '2026-03-03 18:08:00', 'F9AB9604', 2, 14, 2, 8, 'Terdaftar', 'Sesuai', 2, 2, 1, 0),
(107, '2026-03-03 18:16:00', 'F9AB9604', 3, 14, 3, 8, 'Terdaftar', 'Sesuai', 3, 3, 1, 0),
(108, '2026-03-03 18:24:00', 'F9AB9604', 4, 14, 4, 8, 'Terdaftar', 'Sesuai', 4, 4, 1, 0),
(109, '2026-03-03 18:32:00', 'F9AB9604', 5, 14, 5, 8, 'Terdaftar', 'Sesuai', 5, 5, 1, 0),
(110, '2026-03-03 18:40:00', 'F9AB9604', 6, 14, 6, 8, 'Terdaftar', 'Sesuai', 6, 6, 1, 0),
(111, '2026-03-03 20:10:00', 'E2698604', 1, 15, 1, 8, 'Terdaftar', 'Di Luar Jadwal', 1, 1, 1, 0),
(112, '2026-03-03 20:22:00', 'E2698604', 3, 15, 3, 8, 'Terdaftar', 'Di Luar Jadwal', 2, 3, 1, 0),
(113, '2026-03-03 18:55:00', 'DCB7D505', 1, 8, 1, 8, 'Terdaftar', 'Tidak Sesuai', NULL, NULL, 0, 0),
(114, '2026-03-03 22:10:00', 'DCB7D505', 1, 8, 1, 9, 'Terdaftar', 'Sesuai', 1, 1, 1, 0),
(115, '2026-03-03 22:18:00', 'DCB7D505', 2, 8, 2, 9, 'Terdaftar', 'Sesuai', 2, 2, 1, 0),
(116, '2026-03-03 22:26:00', 'DCB7D505', 3, 8, 3, 9, 'Terdaftar', 'Sesuai', 3, 3, 1, 0),
(117, '2026-03-03 22:34:00', 'DCB7D505', 4, 8, 4, 9, 'Terdaftar', 'Sesuai', 4, 4, 1, 0),
(118, '2026-03-03 22:42:00', 'DCB7D505', 5, 8, 5, 9, 'Terdaftar', 'Sesuai', 5, 5, 1, 0),
(119, '2026-03-03 22:50:00', 'DCB7D505', 6, 8, 6, 9, 'Terdaftar', 'Sesuai', 6, 6, 1, 0),
(120, '2026-03-03 23:40:00', '5645F2B8', 1, 9, 1, 9, 'Terdaftar', 'Sesuai', 1, 1, 1, 0),
(121, '2026-03-03 23:48:00', '5645F2B8', 2, 9, 2, 9, 'Terdaftar', 'Sesuai', 2, 2, 1, 0),
(122, '2026-03-03 23:56:00', '5645F2B8', 3, 9, 3, 9, 'Terdaftar', 'Sesuai', 3, 3, 1, 0),
(123, '2026-03-04 00:04:00', '5645F2B8', 4, 9, 4, 9, 'Terdaftar', 'Sesuai', 4, 4, 1, 0),
(124, '2026-03-04 00:12:00', '5645F2B8', 5, 9, 5, 9, 'Terdaftar', 'Sesuai', 5, 5, 1, 0),
(125, '2026-03-04 00:20:00', '5645F2B8', 6, 9, 6, 9, 'Terdaftar', 'Sesuai', 6, 6, 1, 0),
(126, '2026-03-04 07:30:00', 'DCB7D505', 1, 8, 1, 10, 'Terdaftar', 'Tidak Sesuai', NULL, NULL, 0, 0),
(127, '2026-03-04 07:45:00', 'DCB7D505', 3, 8, 3, 10, 'Terdaftar', 'Tidak Sesuai', NULL, NULL, 0, 0),
(128, '2026-03-04 14:20:00', '598CB311', 1, 12, 1, 11, 'Terdaftar', 'Sesuai', 1, 1, 1, 0),
(129, '2026-03-04 14:28:00', '598CB311', 2, 12, 2, 11, 'Terdaftar', 'Sesuai', 2, 2, 1, 0),
(130, '2026-03-04 14:36:00', '598CB311', 3, 12, 3, 11, 'Terdaftar', 'Sesuai', 3, 3, 1, 0),
(131, '2026-03-04 14:49:00', '598CB311', 5, 12, 5, 11, 'Terdaftar', 'Sesuai', 4, 5, 1, 0),
(132, '2026-03-04 15:40:00', '19213E12', 1, 13, 1, 11, 'Terdaftar', 'Sesuai', 1, 1, 1, 0),
(133, '2026-03-04 15:48:00', '19213E12', 2, 13, 2, 11, 'Terdaftar', 'Sesuai', 2, 2, 1, 0),
(134, '2026-03-04 16:00:00', '19213E12', 4, 13, 4, 11, 'Terdaftar', 'Sesuai', 3, 4, 1, 0),
(135, '2026-03-04 16:12:00', '19213E12', 6, 13, 6, 11, 'Terdaftar', 'Sesuai', 4, 6, 1, 0),
(136, '2026-03-04 18:10:00', '598CB311', 1, 12, 1, 11, 'Terdaftar', 'Sesuai', 1, 1, 1, 0),
(137, '2026-03-04 18:18:00', '598CB311', 2, 12, 2, 11, 'Terdaftar', 'Sesuai', 2, 2, 1, 0),
(138, '2026-03-04 18:26:00', '598CB311', 3, 12, 3, 11, 'Terdaftar', 'Sesuai', 3, 3, 1, 0),
(139, '2026-03-04 18:34:00', '598CB311', 4, 12, 4, 11, 'Terdaftar', 'Sesuai', 4, 4, 1, 0),
(140, '2026-03-04 18:42:00', '598CB311', 5, 12, 5, 11, 'Terdaftar', 'Sesuai', 5, 5, 1, 0),
(141, '2026-03-04 18:50:00', '598CB311', 6, 12, 6, 11, 'Terdaftar', 'Sesuai', 6, 6, 1, 0),
(142, '2026-03-04 20:30:00', '19213E12', 1, 13, 1, 11, 'Terdaftar', 'Di Luar Jadwal', 1, 1, 1, 0),
(143, '2026-03-05 01:10:00', 'F9AB9604', 1, 14, 1, 12, 'Terdaftar', 'Di Luar Jadwal', 1, 1, 1, 0),
(144, '2026-03-05 01:18:00', 'F9AB9604', 2, 14, 2, 12, 'Terdaftar', 'Di Luar Jadwal', 2, 2, 1, 0),
(145, '2026-03-05 02:00:00', 'E2698604', 3, 15, 3, 12, 'Terdaftar', 'Di Luar Jadwal', 1, 3, 1, 0),
(146, '2026-03-05 06:02:00', 'DCB7D505', 1, 8, 1, 13, 'Terdaftar', 'Sesuai', 1, 1, 1, 0),
(147, '2026-03-05 06:10:00', 'DCB7D505', 2, 8, 2, 13, 'Terdaftar', 'Sesuai', 2, 2, 1, 0),
(148, '2026-03-05 06:18:00', 'DCB7D505', 3, 8, 3, 13, 'Terdaftar', 'Sesuai', 3, 3, 1, 0),
(149, '2026-03-05 06:26:00', 'DCB7D505', 4, 8, 4, 13, 'Terdaftar', 'Sesuai', 4, 4, 1, 0),
(150, '2026-03-05 06:34:00', 'DCB7D505', 5, 8, 5, 13, 'Terdaftar', 'Sesuai', 5, 5, 1, 0),
(151, '2026-03-05 06:42:00', 'DCB7D505', 6, 8, 6, 13, 'Terdaftar', 'Sesuai', 6, 6, 1, 0),
(152, '2026-03-05 07:10:00', '5645F2B8', 1, 9, 1, 13, 'Terdaftar', 'Sesuai', 1, 1, 1, 0),
(153, '2026-03-05 07:18:00', '5645F2B8', 2, 9, 2, 13, 'Terdaftar', 'Sesuai', 2, 2, 1, 0),
(154, '2026-03-05 07:26:00', '5645F2B8', 3, 9, 3, 13, 'Terdaftar', 'Sesuai', 3, 3, 1, 0),
(155, '2026-03-05 07:34:00', '5645F2B8', 4, 9, 4, 13, 'Terdaftar', 'Sesuai', 4, 4, 1, 0),
(156, '2026-03-05 07:42:00', '5645F2B8', 5, 9, 5, 13, 'Terdaftar', 'Sesuai', 5, 5, 1, 0),
(157, '2026-03-05 07:50:00', '5645F2B8', 6, 9, 6, 13, 'Terdaftar', 'Sesuai', 6, 6, 1, 0),
(158, '2026-03-05 09:15:00', 'DCB7D505', 1, 8, 1, 13, 'Terdaftar', 'Sesuai', 1, 1, 1, 0),
(159, '2026-03-05 09:23:00', 'DCB7D505', 2, 8, 2, 13, 'Terdaftar', 'Sesuai', 2, 2, 1, 0),
(160, '2026-03-05 09:31:00', 'DCB7D505', 3, 8, 3, 13, 'Terdaftar', 'Sesuai', 3, 3, 1, 0),
(161, '2026-03-05 09:39:00', 'DCB7D505', 4, 8, 4, 13, 'Terdaftar', 'Sesuai', 4, 4, 1, 0),
(162, '2026-03-05 09:47:00', 'DCB7D505', 5, 8, 5, 13, 'Terdaftar', 'Sesuai', 5, 5, 1, 0),
(163, '2026-03-05 09:55:00', 'DCB7D505', 6, 8, 6, 13, 'Terdaftar', 'Sesuai', 6, 6, 1, 0),
(164, '2026-03-05 11:00:00', '5645F2B8', 1, 9, 1, 13, 'Terdaftar', 'Sesuai', 1, 1, 1, 0),
(165, '2026-03-05 11:08:00', '5645F2B8', 2, 9, 2, 13, 'Terdaftar', 'Sesuai', 2, 2, 1, 0),
(166, '2026-03-05 11:16:00', '5645F2B8', 3, 9, 3, 13, 'Terdaftar', 'Sesuai', 3, 3, 1, 0),
(167, '2026-03-05 11:24:00', '5645F2B8', 4, 9, 4, 13, 'Terdaftar', 'Sesuai', 4, 4, 1, 0),
(168, '2026-03-05 11:32:00', '5645F2B8', 5, 9, 5, 13, 'Terdaftar', 'Sesuai', 5, 5, 1, 0),
(169, '2026-03-05 11:40:00', '5645F2B8', 6, 9, 6, 13, 'Terdaftar', 'Sesuai', 6, 6, 1, 0),
(170, '2026-03-05 14:30:00', '965D97B8', 2, 10, 2, 14, 'Terdaftar', 'Di Luar Jadwal', 1, 2, 1, 0),
(171, '2026-03-05 14:45:00', '965D97B8', 5, 10, 5, 14, 'Terdaftar', 'Di Luar Jadwal', 2, 5, 1, 0),
(172, '2026-03-05 15:55:00', '66E6CFB8', 1, 11, 1, 14, 'Terdaftar', 'Di Luar Jadwal', 1, 1, 1, 0),
(173, '2026-03-05 19:20:00', '965D97B8', 3, 10, 3, 14, 'Terdaftar', 'Di Luar Jadwal', 1, 3, 1, 0),
(174, '2026-03-05 19:28:00', '965D97B8', 4, 10, 4, 14, 'Terdaftar', 'Di Luar Jadwal', 2, 4, 1, 0),
(175, '2026-03-05 22:15:00', '598CB311', 1, 12, 1, 15, 'Terdaftar', 'Sesuai', 1, 1, 1, 0),
(176, '2026-03-05 22:23:00', '598CB311', 2, 12, 2, 15, 'Terdaftar', 'Sesuai', 2, 2, 1, 0),
(177, '2026-03-05 22:31:00', '598CB311', 3, 12, 3, 15, 'Terdaftar', 'Sesuai', 3, 3, 1, 0),
(178, '2026-03-05 22:39:00', '598CB311', 4, 12, 4, 15, 'Terdaftar', 'Sesuai', 4, 4, 1, 0),
(179, '2026-03-05 23:20:00', '19213E12', 1, 13, 1, 15, 'Terdaftar', 'Sesuai', 1, 1, 1, 0),
(180, '2026-03-05 23:28:00', '19213E12', 2, 13, 2, 15, 'Terdaftar', 'Sesuai', 2, 2, 1, 0),
(181, '2026-03-05 23:41:00', '19213E12', 5, 13, 5, 15, 'Terdaftar', 'Sesuai', 3, 5, 1, 0),
(182, '2026-03-05 23:49:00', '19213E12', 6, 13, 6, 15, 'Terdaftar', 'Sesuai', 4, 6, 1, 0),
(183, '2026-03-06 01:30:00', '598CB311', 1, 12, 1, 15, 'Terdaftar', 'Sesuai', 1, 1, 1, 0),
(184, '2026-03-06 01:38:00', '598CB311', 2, 12, 2, 15, 'Terdaftar', 'Sesuai', 2, 2, 1, 0),
(185, '2026-03-06 01:46:00', '598CB311', 3, 12, 3, 15, 'Terdaftar', 'Sesuai', 3, 3, 1, 0),
(186, '2026-03-06 02:50:00', '19213E12', 1, 13, 1, 15, 'Terdaftar', 'Sesuai', 1, 1, 1, 0),
(187, '2026-03-06 02:58:00', '19213E12', 2, 13, 2, 15, 'Terdaftar', 'Sesuai', 2, 2, 1, 0),
(188, '2026-03-06 03:06:00', '19213E12', 3, 13, 3, 15, 'Terdaftar', 'Sesuai', 3, 3, 1, 0),
(189, '2026-03-06 03:14:00', '19213E12', 4, 13, 4, 15, 'Terdaftar', 'Sesuai', 4, 4, 1, 0),
(190, '2026-03-06 06:18:00', 'F9AB9604', 1, 14, 1, 16, 'Terdaftar', 'Sesuai', 1, 1, 1, 0),
(191, '2026-03-06 06:26:00', 'F9AB9604', 2, 14, 2, 16, 'Terdaftar', 'Sesuai', 2, 2, 1, 0),
(192, '2026-03-06 06:34:00', 'F9AB9604', 3, 14, 3, 16, 'Terdaftar', 'Sesuai', 3, 3, 1, 0),
(193, '2026-03-06 06:42:00', 'F9AB9604', 4, 14, 4, 16, 'Terdaftar', 'Sesuai', 4, 4, 1, 0),
(194, '2026-03-06 07:05:00', 'E2698604', 1, 15, 1, 16, 'Terdaftar', 'Sesuai', 1, 1, 1, 0),
(195, '2026-03-06 07:13:00', 'E2698604', 2, 15, 2, 16, 'Terdaftar', 'Sesuai', 2, 2, 1, 0),
(196, '2026-03-06 07:21:00', 'E2698604', 3, 15, 3, 16, 'Terdaftar', 'Sesuai', 3, 3, 1, 0),
(197, '2026-03-06 09:45:00', 'F9AB9604', 1, 14, 1, 16, 'Terdaftar', 'Sesuai', 1, 1, 1, 0),
(198, '2026-03-06 09:53:00', 'F9AB9604', 2, 14, 2, 16, 'Terdaftar', 'Sesuai', 2, 2, 1, 0),
(199, '2026-03-06 10:05:00', 'F9AB9604', 5, 14, 5, 16, 'Terdaftar', 'Sesuai', 3, 5, 1, 0),
(200, '2026-03-06 10:13:00', 'F9AB9604', 6, 14, 6, 16, 'Terdaftar', 'Sesuai', 4, 6, 1, 0),
(201, '2026-03-06 15:32:00', 'DCB7D505', 1, 8, 1, 17, 'Terdaftar', 'Sesuai', 1, 1, 1, 0),
(202, '2026-03-06 15:34:00', 'DCB7D505', 2, 8, 2, 17, 'Terdaftar', 'Sesuai', 2, 2, 1, 0),
(203, '2026-03-06 15:36:00', 'DCB7D505', 3, 8, 3, 17, 'Terdaftar', 'Sesuai', 3, 3, 1, 0),
(204, '2026-03-06 15:38:00', 'DCB7D505', 4, 8, 4, 17, 'Terdaftar', 'Sesuai', 4, 4, 1, 0),
(205, '2026-03-06 15:40:00', 'DCB7D505', 5, 8, 5, 17, 'Terdaftar', 'Sesuai', 5, 5, 1, 0),
(206, '2026-03-06 15:42:00', 'DCB7D505', 6, 8, 6, 17, 'Terdaftar', 'Sesuai', 6, 6, 1, 0),
(207, '2026-03-06 16:30:00', '5645F2B8', 1, 9, 1, 17, 'Terdaftar', 'Sesuai', 1, 1, 1, 0),
(208, '2026-03-06 16:38:00', '5645F2B8', 2, 9, 2, 17, 'Terdaftar', 'Sesuai', 2, 2, 1, 0),
(209, '2026-03-06 16:46:00', '5645F2B8', 3, 9, 3, 17, 'Terdaftar', 'Sesuai', 3, 3, 1, 0),
(210, '2026-03-06 16:54:00', '5645F2B8', 4, 9, 4, 17, 'Terdaftar', 'Sesuai', 4, 4, 1, 0),
(211, '2026-03-07 06:30:00', '965D97B8', 1, 10, 1, 19, 'Terdaftar', 'Tidak Sesuai', NULL, NULL, 0, 0),
(212, '2026-03-07 06:38:00', '965D97B8', 2, 10, 2, 19, 'Terdaftar', 'Tidak Sesuai', NULL, NULL, 0, 0),
(213, '2026-03-07 06:46:00', '965D97B8', 3, 10, 3, 19, 'Terdaftar', 'Tidak Sesuai', NULL, NULL, 0, 0),
(214, '2026-03-07 07:30:00', '598CB311', 1, 12, 1, 19, 'Terdaftar', 'Sesuai', 1, 1, 1, 0),
(215, '2026-03-07 07:38:00', '598CB311', 2, 12, 2, 19, 'Terdaftar', 'Sesuai', 2, 2, 1, 0),
(216, '2026-03-07 07:46:00', '598CB311', 3, 12, 3, 19, 'Terdaftar', 'Sesuai', 3, 3, 1, 0),
(217, '2026-03-07 07:54:00', '598CB311', 4, 12, 4, 19, 'Terdaftar', 'Sesuai', 4, 4, 1, 0),
(218, '2026-03-07 08:20:00', '19213E12', 1, 13, 1, 19, 'Terdaftar', 'Sesuai', 1, 1, 1, 0),
(219, '2026-03-07 08:28:00', '19213E12', 2, 13, 2, 19, 'Terdaftar', 'Sesuai', 2, 2, 1, 0),
(220, '2026-03-07 08:40:00', '19213E12', 5, 13, 5, 19, 'Terdaftar', 'Sesuai', 3, 5, 1, 0),
(221, '2026-03-07 14:05:00', 'F9AB9604', 1, 14, 1, 20, 'Terdaftar', 'Sesuai', 1, 1, 1, 0),
(222, '2026-03-07 14:13:00', 'F9AB9604', 2, 14, 2, 20, 'Terdaftar', 'Sesuai', 2, 2, 1, 0),
(223, '2026-03-07 14:21:00', 'F9AB9604', 3, 14, 3, 20, 'Terdaftar', 'Sesuai', 3, 3, 1, 0),
(224, '2026-03-07 14:29:00', 'F9AB9604', 4, 14, 4, 20, 'Terdaftar', 'Sesuai', 4, 4, 1, 0),
(225, '2026-03-07 14:37:00', 'F9AB9604', 5, 14, 5, 20, 'Terdaftar', 'Sesuai', 5, 5, 1, 0),
(226, '2026-03-07 14:45:00', 'F9AB9604', 6, 14, 6, 20, 'Terdaftar', 'Sesuai', 6, 6, 1, 0),
(227, '2026-03-07 15:10:00', 'E2698604', 1, 15, 1, 20, 'Terdaftar', 'Sesuai', 1, 1, 1, 0),
(228, '2026-03-07 15:18:00', 'E2698604', 2, 15, 2, 20, 'Terdaftar', 'Sesuai', 2, 2, 1, 0),
(229, '2026-03-07 15:26:00', 'E2698604', 3, 15, 3, 20, 'Terdaftar', 'Sesuai', 3, 3, 1, 0),
(230, '2026-03-07 15:34:00', 'E2698604', 4, 15, 4, 20, 'Terdaftar', 'Sesuai', 4, 4, 1, 0),
(231, '2026-03-07 15:42:00', 'E2698604', 5, 15, 5, 20, 'Terdaftar', 'Sesuai', 5, 5, 1, 0),
(232, '2026-03-07 15:50:00', 'E2698604', 6, 15, 6, 20, 'Terdaftar', 'Sesuai', 6, 6, 1, 0),
(233, '2026-03-07 17:30:00', 'F9AB9604', 1, 14, 1, 20, 'Terdaftar', 'Sesuai', 1, 1, 1, 0),
(234, '2026-03-07 17:38:00', 'F9AB9604', 2, 14, 2, 20, 'Terdaftar', 'Sesuai', 2, 2, 1, 0),
(235, '2026-03-07 17:46:00', 'F9AB9604', 3, 14, 3, 20, 'Terdaftar', 'Sesuai', 3, 3, 1, 0),
(236, '2026-03-07 17:54:00', 'F9AB9604', 4, 14, 4, 20, 'Terdaftar', 'Sesuai', 4, 4, 1, 0),
(237, '2026-03-07 18:02:00', 'F9AB9604', 5, 14, 5, 20, 'Terdaftar', 'Sesuai', 5, 5, 1, 0),
(238, '2026-03-07 18:10:00', 'F9AB9604', 6, 14, 6, 20, 'Terdaftar', 'Sesuai', 6, 6, 1, 0),
(239, '2026-03-07 19:30:00', 'E2698604', 1, 15, 1, 20, 'Terdaftar', 'Sesuai', 1, 1, 1, 0),
(240, '2026-03-07 19:38:00', 'E2698604', 2, 15, 2, 20, 'Terdaftar', 'Sesuai', 2, 2, 1, 0),
(241, '2026-03-07 19:46:00', 'E2698604', 3, 15, 3, 20, 'Terdaftar', 'Sesuai', 3, 3, 1, 0),
(242, '2026-03-07 19:54:00', 'E2698604', 4, 15, 4, 20, 'Terdaftar', 'Sesuai', 4, 4, 1, 0),
(243, '2026-03-07 20:02:00', 'E2698604', 5, 15, 5, 20, 'Terdaftar', 'Sesuai', 5, 5, 1, 0),
(244, '2026-03-07 20:10:00', 'E2698604', 6, 15, 6, 20, 'Terdaftar', 'Sesuai', 6, 6, 1, 0),
(245, '2026-03-07 22:20:00', 'DCB7D505', 1, 8, 1, 21, 'Terdaftar', 'Sesuai', 1, 1, 1, 0),
(246, '2026-03-07 22:28:00', 'DCB7D505', 2, 8, 2, 21, 'Terdaftar', 'Sesuai', 2, 2, 1, 0),
(247, '2026-03-07 22:36:00', 'DCB7D505', 3, 8, 3, 21, 'Terdaftar', 'Sesuai', 3, 3, 1, 0),
(248, '2026-03-07 22:44:00', 'DCB7D505', 4, 8, 4, 21, 'Terdaftar', 'Sesuai', 4, 4, 1, 0),
(249, '2026-03-07 23:15:00', '5645F2B8', 1, 9, 1, 21, 'Terdaftar', 'Sesuai', 1, 1, 1, 0),
(250, '2026-03-07 23:23:00', '5645F2B8', 2, 9, 2, 21, 'Terdaftar', 'Sesuai', 2, 2, 1, 0),
(251, '2026-03-07 23:31:00', '5645F2B8', 3, 9, 3, 21, 'Terdaftar', 'Sesuai', 3, 3, 1, 0),
(252, '2026-03-08 01:00:00', 'DCB7D505', 1, 8, 1, 21, 'Terdaftar', 'Sesuai', 1, 1, 1, 0),
(253, '2026-03-08 01:08:00', 'DCB7D505', 2, 8, 2, 21, 'Terdaftar', 'Sesuai', 2, 2, 1, 0),
(254, '2026-03-08 01:20:00', 'DCB7D505', 5, 8, 5, 21, 'Terdaftar', 'Sesuai', 3, 5, 1, 0),
(255, '2026-03-08 06:03:00', '965D97B8', 1, 10, 1, 22, 'Terdaftar', 'Sesuai', 1, 1, 1, 0),
(256, '2026-03-08 06:11:00', '965D97B8', 2, 10, 2, 22, 'Terdaftar', 'Sesuai', 2, 2, 1, 0),
(257, '2026-03-08 06:19:00', '965D97B8', 3, 10, 3, 22, 'Terdaftar', 'Sesuai', 3, 3, 1, 0),
(258, '2026-03-08 06:27:00', '965D97B8', 4, 10, 4, 22, 'Terdaftar', 'Sesuai', 4, 4, 1, 0),
(259, '2026-03-08 06:35:00', '965D97B8', 5, 10, 5, 22, 'Terdaftar', 'Sesuai', 5, 5, 1, 0),
(260, '2026-03-08 06:43:00', '965D97B8', 6, 10, 6, 22, 'Terdaftar', 'Sesuai', 6, 6, 1, 0),
(261, '2026-03-08 07:00:00', '66E6CFB8', 1, 11, 1, 22, 'Terdaftar', 'Sesuai', 1, 1, 1, 0),
(262, '2026-03-08 07:08:00', '66E6CFB8', 2, 11, 2, 22, 'Terdaftar', 'Sesuai', 2, 2, 1, 0),
(263, '2026-03-08 07:16:00', '66E6CFB8', 3, 11, 3, 22, 'Terdaftar', 'Sesuai', 3, 3, 1, 0),
(264, '2026-03-08 07:24:00', '66E6CFB8', 4, 11, 4, 22, 'Terdaftar', 'Sesuai', 4, 4, 1, 0),
(265, '2026-03-08 07:32:00', '66E6CFB8', 5, 11, 5, 22, 'Terdaftar', 'Sesuai', 5, 5, 1, 0),
(266, '2026-03-08 07:40:00', '66E6CFB8', 6, 11, 6, 22, 'Terdaftar', 'Sesuai', 6, 6, 1, 0),
(267, '2026-03-08 09:20:00', '965D97B8', 1, 10, 1, 22, 'Terdaftar', 'Sesuai', 1, 1, 1, 0),
(268, '2026-03-08 09:28:00', '965D97B8', 2, 10, 2, 22, 'Terdaftar', 'Sesuai', 2, 2, 1, 0),
(269, '2026-03-08 09:36:00', '965D97B8', 3, 10, 3, 22, 'Terdaftar', 'Sesuai', 3, 3, 1, 0),
(270, '2026-03-08 09:44:00', '965D97B8', 4, 10, 4, 22, 'Terdaftar', 'Sesuai', 4, 4, 1, 0),
(271, '2026-03-08 09:52:00', '965D97B8', 5, 10, 5, 22, 'Terdaftar', 'Sesuai', 5, 5, 1, 0),
(272, '2026-03-08 10:00:00', '965D97B8', 6, 10, 6, 22, 'Terdaftar', 'Sesuai', 6, 6, 1, 0),
(273, '2026-03-08 11:10:00', '66E6CFB8', 1, 11, 1, 22, 'Terdaftar', 'Sesuai', 1, 1, 1, 0),
(274, '2026-03-08 11:18:00', '66E6CFB8', 2, 11, 2, 22, 'Terdaftar', 'Sesuai', 2, 2, 1, 0),
(275, '2026-03-08 11:26:00', '66E6CFB8', 3, 11, 3, 22, 'Terdaftar', 'Sesuai', 3, 3, 1, 0),
(276, '2026-03-08 11:34:00', '66E6CFB8', 4, 11, 4, 22, 'Terdaftar', 'Sesuai', 4, 4, 1, 0),
(277, '2026-03-08 11:42:00', '66E6CFB8', 5, 11, 5, 22, 'Terdaftar', 'Sesuai', 5, 5, 1, 0),
(278, '2026-03-08 11:50:00', '66E6CFB8', 6, 11, 6, 22, 'Terdaftar', 'Sesuai', 6, 6, 1, 0),
(279, '2026-03-08 14:10:00', '598CB311', 1, 12, 1, 23, 'Terdaftar', 'Sesuai', 1, 1, 1, 0),
(280, '2026-03-08 14:18:00', '598CB311', 2, 12, 2, 23, 'Terdaftar', 'Sesuai', 2, 2, 1, 0),
(281, '2026-03-08 14:26:00', '598CB311', 3, 12, 3, 23, 'Terdaftar', 'Sesuai', 3, 3, 1, 0),
(282, '2026-03-08 14:39:00', '598CB311', 5, 12, 5, 23, 'Terdaftar', 'Sesuai', 4, 5, 1, 0),
(283, '2026-03-08 15:20:00', '19213E12', 1, 13, 1, 23, 'Terdaftar', 'Sesuai', 1, 1, 1, 0),
(284, '2026-03-08 15:28:00', '19213E12', 2, 13, 2, 23, 'Terdaftar', 'Sesuai', 2, 2, 1, 0),
(285, '2026-03-08 15:40:00', '19213E12', 4, 13, 4, 23, 'Terdaftar', 'Sesuai', 3, 4, 1, 0),
(286, '2026-03-08 15:52:00', '19213E12', 6, 13, 6, 23, 'Terdaftar', 'Sesuai', 4, 6, 1, 0),
(287, '2026-03-08 17:30:00', '598CB311', 1, 12, 1, 23, 'Terdaftar', 'Sesuai', 1, 1, 1, 0),
(288, '2026-03-08 17:38:00', '598CB311', 2, 12, 2, 23, 'Terdaftar', 'Sesuai', 2, 2, 1, 0),
(289, '2026-03-08 17:46:00', '598CB311', 3, 12, 3, 23, 'Terdaftar', 'Sesuai', 3, 3, 1, 0),
(290, '2026-03-08 17:54:00', '598CB311', 4, 12, 4, 23, 'Terdaftar', 'Sesuai', 4, 4, 1, 0),
(291, '2026-03-08 19:10:00', '19213E12', 1, 13, 1, 23, 'Terdaftar', 'Di Luar Jadwal', 1, 1, 1, 0),
(292, '2026-03-08 19:22:00', '19213E12', 3, 13, 3, 23, 'Terdaftar', 'Di Luar Jadwal', 2, 3, 1, 0),
(293, '2026-03-08 23:00:00', 'F9AB9604', 1, 14, 1, 24, 'Terdaftar', 'Di Luar Jadwal', 1, 1, 1, 0),
(294, '2026-03-08 23:08:00', 'F9AB9604', 2, 14, 2, 24, 'Terdaftar', 'Di Luar Jadwal', 2, 2, 1, 0),
(295, '2026-03-08 23:30:00', 'E2698604', 3, 15, 3, 24, 'Terdaftar', 'Di Luar Jadwal', 1, 3, 1, 0),
(296, '2026-03-09 06:12:00', 'DCB7D505', 1, 8, 1, 25, 'Terdaftar', 'Sesuai', 1, 1, 1, 0),
(297, '2026-03-09 06:20:00', 'DCB7D505', 2, 8, 2, 25, 'Terdaftar', 'Sesuai', 2, 2, 1, 0),
(298, '2026-03-09 06:28:00', 'DCB7D505', 3, 8, 3, 25, 'Terdaftar', 'Sesuai', 3, 3, 1, 0),
(299, '2026-03-09 06:36:00', 'DCB7D505', 4, 8, 4, 25, 'Terdaftar', 'Sesuai', 4, 4, 1, 0),
(300, '2026-03-09 07:15:00', '5645F2B8', 1, 9, 1, 25, 'Terdaftar', 'Sesuai', 1, 1, 1, 0),
(301, '2026-03-09 07:23:00', '5645F2B8', 2, 9, 2, 25, 'Terdaftar', 'Sesuai', 2, 2, 1, 0),
(302, '2026-03-09 07:36:00', '5645F2B8', 5, 9, 5, 25, 'Terdaftar', 'Sesuai', 3, 5, 1, 0),
(303, '2026-03-09 07:44:00', '5645F2B8', 6, 9, 6, 25, 'Terdaftar', 'Sesuai', 4, 6, 1, 0),
(304, '2026-03-09 10:00:00', 'DCB7D505', 1, 8, 1, 25, 'Terdaftar', 'Sesuai', 1, 1, 1, 0),
(305, '2026-03-09 10:08:00', 'DCB7D505', 2, 8, 2, 25, 'Terdaftar', 'Sesuai', 2, 2, 1, 0),
(306, '2026-03-09 10:20:00', 'DCB7D505', 5, 8, 5, 25, 'Terdaftar', 'Sesuai', 3, 5, 1, 0),
(307, '2026-03-09 10:28:00', 'DCB7D505', 6, 8, 6, 25, 'Terdaftar', 'Sesuai', 4, 6, 1, 0),
(308, '2026-03-09 14:20:00', '965D97B8', 1, 10, 1, 26, 'Terdaftar', 'Sesuai', 1, 1, 1, 0),
(309, '2026-03-09 14:28:00', '965D97B8', 2, 10, 2, 26, 'Terdaftar', 'Sesuai', 2, 2, 1, 0),
(310, '2026-03-09 14:36:00', '965D97B8', 3, 10, 3, 26, 'Terdaftar', 'Sesuai', 3, 3, 1, 0),
(311, '2026-03-09 15:30:00', '66E6CFB8', 1, 11, 1, 26, 'Terdaftar', 'Sesuai', 1, 1, 1, 0),
(312, '2026-03-09 15:38:00', '66E6CFB8', 2, 11, 2, 26, 'Terdaftar', 'Sesuai', 2, 2, 1, 0),
(313, '2026-03-09 15:46:00', '66E6CFB8', 3, 11, 3, 26, 'Terdaftar', 'Sesuai', 3, 3, 1, 0),
(314, '2026-03-09 15:54:00', '66E6CFB8', 4, 11, 4, 26, 'Terdaftar', 'Sesuai', 4, 4, 1, 0),
(315, '2026-03-09 18:10:00', '965D97B8', 1, 10, 1, 26, 'Terdaftar', 'Sesuai', 1, 1, 1, 0),
(316, '2026-03-09 18:18:00', '965D97B8', 2, 10, 2, 26, 'Terdaftar', 'Sesuai', 2, 2, 1, 0),
(317, '2026-03-09 18:26:00', '965D97B8', 3, 10, 3, 26, 'Terdaftar', 'Sesuai', 3, 3, 1, 0),
(318, '2026-03-09 18:34:00', '965D97B8', 4, 10, 4, 26, 'Terdaftar', 'Sesuai', 4, 4, 1, 0),
(319, '2026-03-09 18:42:00', '965D97B8', 5, 10, 5, 26, 'Terdaftar', 'Sesuai', 5, 5, 1, 0),
(320, '2026-03-09 18:50:00', '965D97B8', 6, 10, 6, 26, 'Terdaftar', 'Sesuai', 6, 6, 1, 0),
(321, '2026-03-09 22:08:00', '598CB311', 1, 12, 1, 27, 'Terdaftar', 'Sesuai', 1, 1, 1, 0),
(322, '2026-03-09 22:16:00', '598CB311', 2, 12, 2, 27, 'Terdaftar', 'Sesuai', 2, 2, 1, 0),
(323, '2026-03-09 22:29:00', '598CB311', 4, 12, 4, 27, 'Terdaftar', 'Sesuai', 3, 4, 1, 0),
(324, '2026-03-09 23:10:00', '19213E12', 1, 13, 1, 27, 'Terdaftar', 'Sesuai', 1, 1, 1, 0),
(325, '2026-03-09 23:18:00', '19213E12', 2, 13, 2, 27, 'Terdaftar', 'Sesuai', 2, 2, 1, 0),
(326, '2026-03-09 23:26:00', '19213E12', 3, 13, 3, 27, 'Terdaftar', 'Sesuai', 3, 3, 1, 0),
(327, '2026-03-09 23:39:00', '19213E12', 5, 13, 5, 27, 'Terdaftar', 'Sesuai', 4, 5, 1, 0),
(328, '2026-03-10 01:20:00', '598CB311', 1, 12, 1, 27, 'Terdaftar', 'Sesuai', 1, 1, 1, 0),
(329, '2026-03-10 01:28:00', '598CB311', 2, 12, 2, 27, 'Terdaftar', 'Sesuai', 2, 2, 1, 0),
(330, '2026-03-10 01:36:00', '598CB311', 3, 12, 3, 27, 'Terdaftar', 'Sesuai', 3, 3, 1, 0),
(331, '2026-03-10 06:04:00', 'F9AB9604', 1, 14, 1, 28, 'Terdaftar', 'Sesuai', 1, 1, 1, 0),
(332, '2026-03-10 06:12:00', 'F9AB9604', 2, 14, 2, 28, 'Terdaftar', 'Sesuai', 2, 2, 1, 0),
(333, '2026-03-10 06:20:00', 'F9AB9604', 3, 14, 3, 28, 'Terdaftar', 'Sesuai', 3, 3, 1, 0),
(334, '2026-03-10 06:28:00', 'F9AB9604', 4, 14, 4, 28, 'Terdaftar', 'Sesuai', 4, 4, 1, 0),
(335, '2026-03-10 06:36:00', 'F9AB9604', 5, 14, 5, 28, 'Terdaftar', 'Sesuai', 5, 5, 1, 0),
(336, '2026-03-10 06:44:00', 'F9AB9604', 6, 14, 6, 28, 'Terdaftar', 'Sesuai', 6, 6, 1, 0),
(337, '2026-03-10 07:00:00', 'E2698604', 1, 15, 1, 28, 'Terdaftar', 'Sesuai', 1, 1, 1, 0),
(338, '2026-03-10 07:08:00', 'E2698604', 2, 15, 2, 28, 'Terdaftar', 'Sesuai', 2, 2, 1, 0),
(339, '2026-03-10 07:16:00', 'E2698604', 3, 15, 3, 28, 'Terdaftar', 'Sesuai', 3, 3, 1, 0),
(340, '2026-03-10 07:24:00', 'E2698604', 4, 15, 4, 28, 'Terdaftar', 'Sesuai', 4, 4, 1, 0),
(341, '2026-03-10 07:32:00', 'E2698604', 5, 15, 5, 28, 'Terdaftar', 'Sesuai', 5, 5, 1, 0),
(342, '2026-03-10 07:40:00', 'E2698604', 6, 15, 6, 28, 'Terdaftar', 'Sesuai', 6, 6, 1, 0),
(343, '2026-03-10 10:00:00', 'F9AB9604', 1, 14, 1, 28, 'Terdaftar', 'Sesuai', 1, 1, 1, 0),
(344, '2026-03-10 10:08:00', 'F9AB9604', 2, 14, 2, 28, 'Terdaftar', 'Sesuai', 2, 2, 1, 0),
(345, '2026-03-10 10:16:00', 'F9AB9604', 3, 14, 3, 28, 'Terdaftar', 'Sesuai', 3, 3, 1, 0),
(346, '2026-03-10 10:24:00', 'F9AB9604', 4, 14, 4, 28, 'Terdaftar', 'Sesuai', 4, 4, 1, 0),
(347, '2026-03-10 10:32:00', 'F9AB9604', 5, 14, 5, 28, 'Terdaftar', 'Sesuai', 5, 5, 1, 0),
(348, '2026-03-10 10:40:00', 'F9AB9604', 6, 14, 6, 28, 'Terdaftar', 'Sesuai', 6, 6, 1, 0),
(349, '2026-03-10 22:10:00', '965D97B8', 5, 10, 5, 30, 'Terdaftar', 'Sesuai', 1, 5, 1, 0),
(350, '2026-03-10 22:18:00', '965D97B8', 3, 10, 3, 30, 'Terdaftar', 'Sesuai', 2, 3, 0, 0),
(351, '2026-03-10 22:26:00', '965D97B8', 6, 10, 6, 30, 'Terdaftar', 'Sesuai', 3, 6, 1, 0),
(352, '2026-03-10 22:34:00', '965D97B8', 1, 10, 1, 30, 'Terdaftar', 'Sesuai', 4, 1, 0, 0),
(353, '2026-03-10 22:42:00', '965D97B8', 4, 10, 4, 30, 'Terdaftar', 'Sesuai', 5, 4, 0, 0),
(354, '2026-03-10 22:50:00', '965D97B8', 2, 10, 2, 30, 'Terdaftar', 'Sesuai', 6, 2, 0, 0),
(355, '2026-03-10 23:30:00', '66E6CFB8', 6, 11, 6, 30, 'Terdaftar', 'Sesuai', 1, 6, 0, 0),
(356, '2026-03-10 23:38:00', '66E6CFB8', 2, 11, 2, 30, 'Terdaftar', 'Sesuai', 2, 2, 1, 0),
(357, '2026-03-10 23:46:00', '66E6CFB8', 5, 11, 5, 30, 'Terdaftar', 'Sesuai', 3, 5, 1, 0),
(358, '2026-03-10 23:54:00', '66E6CFB8', 1, 11, 1, 30, 'Terdaftar', 'Sesuai', 4, 1, 0, 0),
(359, '2026-03-11 00:02:00', '66E6CFB8', 4, 11, 4, 30, 'Terdaftar', 'Sesuai', 5, 4, 0, 0),
(360, '2026-03-11 00:10:00', '66E6CFB8', 3, 11, 3, 30, 'Terdaftar', 'Sesuai', 6, 3, 0, 0),
(361, '2026-03-11 06:15:00', '598CB311', 1, 12, 1, 31, 'Terdaftar', 'Sesuai', 1, 1, 1, 0),
(362, '2026-03-11 06:23:00', '598CB311', 2, 12, 2, 31, 'Terdaftar', 'Sesuai', 2, 2, 1, 0),
(363, '2026-03-11 06:31:00', '598CB311', 3, 12, 3, 31, 'Terdaftar', 'Sesuai', 3, 3, 1, 0),
(364, '2026-03-11 07:00:00', '19213E12', 1, 13, 1, 31, 'Terdaftar', 'Sesuai', 1, 1, 1, 0),
(365, '2026-03-11 07:08:00', '19213E12', 2, 13, 2, 31, 'Terdaftar', 'Sesuai', 2, 2, 1, 0),
(366, '2026-03-11 07:20:00', '19213E12', 4, 13, 4, 31, 'Terdaftar', 'Sesuai', 3, 4, 1, 0),
(367, '2026-03-11 07:28:00', '19213E12', 5, 13, 5, 31, 'Terdaftar', 'Sesuai', 4, 5, 1, 0),
(368, '2026-03-11 09:30:00', '598CB311', 1, 12, 1, 31, 'Terdaftar', 'Sesuai', 1, 1, 1, 0),
(369, '2026-03-11 09:38:00', '598CB311', 2, 12, 2, 31, 'Terdaftar', 'Sesuai', 2, 2, 1, 0),
(370, '2026-03-11 09:50:00', '598CB311', 4, 12, 4, 31, 'Terdaftar', 'Sesuai', 3, 4, 1, 0),
(371, '2026-03-11 09:58:00', '598CB311', 5, 12, 5, 31, 'Terdaftar', 'Sesuai', 4, 5, 1, 0),
(372, '2026-03-11 10:06:00', '598CB311', 6, 12, 6, 31, 'Terdaftar', 'Sesuai', 5, 6, 1, 0),
(373, '2026-03-11 14:40:00', 'F9AB9604', 1, 14, 1, 32, 'Terdaftar', 'Di Luar Jadwal', 1, 1, 1, 0),
(374, '2026-03-11 14:52:00', 'F9AB9604', 3, 14, 3, 32, 'Terdaftar', 'Di Luar Jadwal', 2, 3, 1, 0),
(375, '2026-03-11 15:30:00', 'E2698604', 2, 15, 2, 32, 'Terdaftar', 'Di Luar Jadwal', 1, 2, 1, 0),
(376, '2026-03-11 15:42:00', 'E2698604', 4, 15, 4, 32, 'Terdaftar', 'Di Luar Jadwal', 2, 4, 1, 0),
(377, '2026-03-11 22:01:00', 'DCB7D505', 1, 8, 1, 33, 'Terdaftar', 'Sesuai', 1, 1, 1, 0),
(378, '2026-03-11 22:09:00', 'DCB7D505', 2, 8, 2, 33, 'Terdaftar', 'Sesuai', 2, 2, 1, 0),
(379, '2026-03-11 22:17:00', 'DCB7D505', 3, 8, 3, 33, 'Terdaftar', 'Sesuai', 3, 3, 1, 0),
(380, '2026-03-11 22:25:00', 'DCB7D505', 4, 8, 4, 33, 'Terdaftar', 'Sesuai', 4, 4, 1, 0),
(381, '2026-03-11 22:33:00', 'DCB7D505', 5, 8, 5, 33, 'Terdaftar', 'Sesuai', 5, 5, 1, 0),
(382, '2026-03-11 22:41:00', 'DCB7D505', 6, 8, 6, 33, 'Terdaftar', 'Sesuai', 6, 6, 1, 0),
(383, '2026-03-11 23:15:00', '5645F2B8', 1, 9, 1, 33, 'Terdaftar', 'Sesuai', 1, 1, 1, 0),
(384, '2026-03-11 23:23:00', '5645F2B8', 2, 9, 2, 33, 'Terdaftar', 'Sesuai', 2, 2, 1, 0),
(385, '2026-03-11 23:31:00', '5645F2B8', 3, 9, 3, 33, 'Terdaftar', 'Sesuai', 3, 3, 1, 0),
(386, '2026-03-11 23:39:00', '5645F2B8', 4, 9, 4, 33, 'Terdaftar', 'Sesuai', 4, 4, 1, 0),
(387, '2026-03-11 23:47:00', '5645F2B8', 5, 9, 5, 33, 'Terdaftar', 'Sesuai', 5, 5, 1, 0),
(388, '2026-03-11 23:55:00', '5645F2B8', 6, 9, 6, 33, 'Terdaftar', 'Sesuai', 6, 6, 1, 0),
(389, '2026-03-12 01:30:00', 'DCB7D505', 1, 8, 1, 33, 'Terdaftar', 'Sesuai', 1, 1, 1, 0),
(390, '2026-03-12 01:38:00', 'DCB7D505', 2, 8, 2, 33, 'Terdaftar', 'Sesuai', 2, 2, 1, 0),
(391, '2026-03-12 01:46:00', 'DCB7D505', 3, 8, 3, 33, 'Terdaftar', 'Sesuai', 3, 3, 1, 0),
(392, '2026-03-12 01:54:00', 'DCB7D505', 4, 8, 4, 33, 'Terdaftar', 'Sesuai', 4, 4, 1, 0),
(393, '2026-03-12 02:02:00', 'DCB7D505', 5, 8, 5, 33, 'Terdaftar', 'Sesuai', 5, 5, 1, 0),
(394, '2026-03-12 02:10:00', 'DCB7D505', 6, 8, 6, 33, 'Terdaftar', 'Sesuai', 6, 6, 1, 0),
(395, '2026-03-12 03:30:00', '5645F2B8', 1, 9, 1, 33, 'Terdaftar', 'Sesuai', 1, 1, 1, 0),
(396, '2026-03-12 03:38:00', '5645F2B8', 2, 9, 2, 33, 'Terdaftar', 'Sesuai', 2, 2, 1, 0),
(397, '2026-03-12 03:46:00', '5645F2B8', 3, 9, 3, 33, 'Terdaftar', 'Sesuai', 3, 3, 1, 0),
(398, '2026-03-12 03:54:00', '5645F2B8', 4, 9, 4, 33, 'Terdaftar', 'Sesuai', 4, 4, 1, 0),
(399, '2026-03-12 04:02:00', '5645F2B8', 5, 9, 5, 33, 'Terdaftar', 'Sesuai', 5, 5, 1, 0),
(400, '2026-03-12 04:10:00', '5645F2B8', 6, 9, 6, 33, 'Terdaftar', 'Sesuai', 6, 6, 1, 0),
(401, '2026-03-12 06:45:00', '965D97B8', 1, 10, 1, 34, 'Terdaftar', 'Di Luar Jadwal', 1, 1, 1, 0),
(402, '2026-03-12 06:53:00', '965D97B8', 2, 10, 2, 34, 'Terdaftar', 'Di Luar Jadwal', 2, 2, 1, 0),
(403, '2026-03-12 07:10:00', '66E6CFB8', 3, 11, 3, 34, 'Terdaftar', 'Di Luar Jadwal', 1, 3, 1, 0),
(404, '2026-03-12 10:20:00', '965D97B8', 1, 10, 1, 34, 'Terdaftar', 'Di Luar Jadwal', 1, 1, 1, 0),
(405, '2026-03-12 14:12:00', '598CB311', 1, 12, 1, 35, 'Terdaftar', 'Sesuai', 1, 1, 1, 0),
(406, '2026-03-12 14:20:00', '598CB311', 2, 12, 2, 35, 'Terdaftar', 'Sesuai', 2, 2, 1, 0),
(407, '2026-03-12 14:28:00', '598CB311', 3, 12, 3, 35, 'Terdaftar', 'Sesuai', 3, 3, 1, 0),
(408, '2026-03-12 15:00:00', '19213E12', 1, 13, 1, 35, 'Terdaftar', 'Sesuai', 1, 1, 1, 0),
(409, '2026-03-12 15:08:00', '19213E12', 2, 13, 2, 35, 'Terdaftar', 'Sesuai', 2, 2, 1, 0),
(410, '2026-03-12 15:20:00', '19213E12', 5, 13, 5, 35, 'Terdaftar', 'Sesuai', 3, 5, 1, 0),
(411, '2026-03-12 18:00:00', '598CB311', 1, 12, 1, 35, 'Terdaftar', 'Sesuai', 1, 1, 1, 0),
(412, '2026-03-12 18:08:00', '598CB311', 2, 12, 2, 35, 'Terdaftar', 'Sesuai', 2, 2, 1, 0),
(413, '2026-03-12 18:16:00', '598CB311', 3, 12, 3, 35, 'Terdaftar', 'Sesuai', 3, 3, 1, 0),
(414, '2026-03-12 18:24:00', '598CB311', 4, 12, 4, 35, 'Terdaftar', 'Sesuai', 4, 4, 1, 0),
(415, '2026-03-12 19:30:00', '19213E12', 1, 13, 1, 35, 'Terdaftar', 'Di Luar Jadwal', 1, 1, 1, 0),
(416, '2026-03-12 19:38:00', '19213E12', 2, 13, 2, 35, 'Terdaftar', 'Di Luar Jadwal', 2, 2, 1, 0),
(417, '2026-03-13 03:15:00', 'F9AB9604', 1, 14, 1, 36, 'Terdaftar', 'Sesuai', 1, 1, 1, 0),
(418, '2026-03-13 03:23:00', 'F9AB9604', 2, 14, 2, 36, 'Terdaftar', 'Sesuai', 2, 2, 1, 0),
(419, '2026-03-13 03:31:00', 'F9AB9604', 3, 14, 3, 36, 'Terdaftar', 'Sesuai', 3, 3, 1, 0),
(420, '2026-03-13 04:00:00', 'E2698604', 1, 15, 1, 36, 'Terdaftar', 'Di Luar Jadwal', 1, 1, 1, 0),
(421, '2026-03-13 04:08:00', 'E2698604', 2, 15, 2, 36, 'Terdaftar', 'Di Luar Jadwal', 2, 2, 1, 0),
(422, '2026-03-13 06:05:00', 'DCB7D505', 1, 8, 1, 37, 'Terdaftar', 'Sesuai', 1, 1, 1, 0),
(423, '2026-03-13 06:13:00', 'DCB7D505', 2, 8, 2, 37, 'Terdaftar', 'Sesuai', 2, 2, 1, 0),
(424, '2026-03-13 06:21:00', 'DCB7D505', 3, 8, 3, 37, 'Terdaftar', 'Sesuai', 3, 3, 1, 0),
(425, '2026-03-13 06:29:00', 'DCB7D505', 4, 8, 4, 37, 'Terdaftar', 'Sesuai', 4, 4, 1, 0),
(426, '2026-03-13 06:37:00', 'DCB7D505', 5, 8, 5, 37, 'Terdaftar', 'Sesuai', 5, 5, 1, 0),
(427, '2026-03-13 06:45:00', 'DCB7D505', 6, 8, 6, 37, 'Terdaftar', 'Sesuai', 6, 6, 1, 0),
(428, '2026-03-13 07:00:00', '5645F2B8', 1, 9, 1, 37, 'Terdaftar', 'Sesuai', 1, 1, 1, 0),
(429, '2026-03-13 07:08:00', '5645F2B8', 2, 9, 2, 37, 'Terdaftar', 'Sesuai', 2, 2, 1, 0),
(430, '2026-03-13 07:16:00', '5645F2B8', 3, 9, 3, 37, 'Terdaftar', 'Sesuai', 3, 3, 1, 0),
(431, '2026-03-13 07:24:00', '5645F2B8', 4, 9, 4, 37, 'Terdaftar', 'Sesuai', 4, 4, 1, 0),
(432, '2026-03-13 07:32:00', '5645F2B8', 5, 9, 5, 37, 'Terdaftar', 'Sesuai', 5, 5, 1, 0),
(433, '2026-03-13 07:40:00', '5645F2B8', 6, 9, 6, 37, 'Terdaftar', 'Sesuai', 6, 6, 1, 0),
(434, '2026-03-13 10:10:00', 'DCB7D505', 1, 8, 1, 37, 'Terdaftar', 'Sesuai', 1, 1, 1, 0),
(435, '2026-03-13 10:18:00', 'DCB7D505', 2, 8, 2, 37, 'Terdaftar', 'Sesuai', 2, 2, 1, 0),
(436, '2026-03-13 10:26:00', 'DCB7D505', 3, 8, 3, 37, 'Terdaftar', 'Sesuai', 3, 3, 1, 0),
(437, '2026-03-13 10:34:00', 'DCB7D505', 4, 8, 4, 37, 'Terdaftar', 'Sesuai', 4, 4, 1, 0),
(438, '2026-03-13 10:42:00', 'DCB7D505', 5, 8, 5, 37, 'Terdaftar', 'Sesuai', 5, 5, 1, 0),
(439, '2026-03-13 10:50:00', 'DCB7D505', 6, 8, 6, 37, 'Terdaftar', 'Sesuai', 6, 6, 1, 0),
(440, '2026-03-13 14:25:00', '965D97B8', 1, 10, 1, 38, 'Terdaftar', 'Sesuai', 1, 1, 1, 0),
(441, '2026-03-13 14:33:00', '965D97B8', 2, 10, 2, 38, 'Terdaftar', 'Sesuai', 2, 2, 1, 0),
(442, '2026-03-13 14:41:00', '965D97B8', 3, 10, 3, 38, 'Terdaftar', 'Sesuai', 3, 3, 1, 0),
(443, '2026-03-13 15:30:00', '66E6CFB8', 1, 11, 1, 38, 'Terdaftar', 'Sesuai', 1, 1, 1, 0),
(444, '2026-03-13 15:38:00', '66E6CFB8', 2, 11, 2, 38, 'Terdaftar', 'Sesuai', 2, 2, 1, 0),
(445, '2026-03-13 15:50:00', '66E6CFB8', 4, 11, 4, 38, 'Terdaftar', 'Sesuai', 3, 4, 1, 0),
(446, '2026-03-13 17:30:00', '965D97B8', 1, 10, 1, 38, 'Terdaftar', 'Sesuai', 1, 1, 1, 0),
(447, '2026-03-13 17:38:00', '965D97B8', 2, 10, 2, 38, 'Terdaftar', 'Sesuai', 2, 2, 1, 0),
(448, '2026-03-13 17:46:00', '965D97B8', 3, 10, 3, 38, 'Terdaftar', 'Sesuai', 3, 3, 1, 0),
(449, '2026-03-13 17:54:00', '965D97B8', 4, 10, 4, 38, 'Terdaftar', 'Sesuai', 4, 4, 1, 0),
(450, '2026-03-13 18:02:00', '965D97B8', 5, 10, 5, 38, 'Terdaftar', 'Sesuai', 5, 5, 1, 0),
(451, '2026-03-14 06:20:00', 'F9AB9604', 1, 14, 1, 40, 'Terdaftar', 'Sesuai', 1, 1, 1, 0),
(452, '2026-03-14 06:28:00', 'F9AB9604', 2, 14, 2, 40, 'Terdaftar', 'Sesuai', 2, 2, 1, 0),
(453, '2026-03-14 06:36:00', 'F9AB9604', 3, 14, 3, 40, 'Terdaftar', 'Sesuai', 3, 3, 1, 0),
(454, '2026-03-14 06:49:00', 'F9AB9604', 5, 14, 5, 40, 'Terdaftar', 'Sesuai', 4, 5, 1, 0),
(455, '2026-03-14 07:10:00', 'E2698604', 1, 15, 1, 40, 'Terdaftar', 'Sesuai', 1, 1, 1, 0),
(456, '2026-03-14 07:18:00', 'E2698604', 2, 15, 2, 40, 'Terdaftar', 'Sesuai', 2, 2, 1, 0),
(457, '2026-03-14 07:30:00', 'E2698604', 4, 15, 4, 40, 'Terdaftar', 'Sesuai', 3, 4, 1, 0),
(458, '2026-03-14 07:42:00', 'E2698604', 6, 15, 6, 40, 'Terdaftar', 'Sesuai', 4, 6, 1, 0),
(459, '2026-03-14 10:00:00', 'F9AB9604', 1, 14, 1, 40, 'Terdaftar', 'Sesuai', 1, 1, 1, 0),
(460, '2026-03-14 10:08:00', 'F9AB9604', 2, 14, 2, 40, 'Terdaftar', 'Sesuai', 2, 2, 1, 0),
(461, '2026-03-14 10:16:00', 'F9AB9604', 3, 14, 3, 40, 'Terdaftar', 'Sesuai', 3, 3, 1, 0),
(462, '2026-03-14 10:24:00', 'F9AB9604', 4, 14, 4, 40, 'Terdaftar', 'Sesuai', 4, 4, 1, 0),
(463, '2026-03-14 10:32:00', 'F9AB9604', 5, 14, 5, 40, 'Terdaftar', 'Sesuai', 5, 5, 1, 0),
(464, '2026-03-14 14:03:00', 'DCB7D505', 1, 8, 1, 41, 'Terdaftar', 'Sesuai', 1, 1, 1, 0),
(465, '2026-03-14 14:11:00', 'DCB7D505', 2, 8, 2, 41, 'Terdaftar', 'Sesuai', 2, 2, 1, 0),
(466, '2026-03-14 14:19:00', 'DCB7D505', 3, 8, 3, 41, 'Terdaftar', 'Sesuai', 3, 3, 1, 0),
(467, '2026-03-14 14:27:00', 'DCB7D505', 4, 8, 4, 41, 'Terdaftar', 'Sesuai', 4, 4, 1, 0),
(468, '2026-03-14 14:35:00', 'DCB7D505', 5, 8, 5, 41, 'Terdaftar', 'Sesuai', 5, 5, 1, 0),
(469, '2026-03-14 14:43:00', 'DCB7D505', 6, 8, 6, 41, 'Terdaftar', 'Sesuai', 6, 6, 1, 0),
(470, '2026-03-14 15:00:00', '5645F2B8', 1, 9, 1, 41, 'Terdaftar', 'Sesuai', 1, 1, 1, 0),
(471, '2026-03-14 15:08:00', '5645F2B8', 2, 9, 2, 41, 'Terdaftar', 'Sesuai', 2, 2, 1, 0),
(472, '2026-03-14 15:16:00', '5645F2B8', 3, 9, 3, 41, 'Terdaftar', 'Sesuai', 3, 3, 1, 0),
(473, '2026-03-14 15:24:00', '5645F2B8', 4, 9, 4, 41, 'Terdaftar', 'Sesuai', 4, 4, 1, 0),
(474, '2026-03-14 15:32:00', '5645F2B8', 5, 9, 5, 41, 'Terdaftar', 'Sesuai', 5, 5, 1, 0),
(475, '2026-03-14 15:40:00', '5645F2B8', 6, 9, 6, 41, 'Terdaftar', 'Sesuai', 6, 6, 1, 0),
(476, '2026-03-14 18:00:00', 'DCB7D505', 1, 8, 1, 41, 'Terdaftar', 'Sesuai', 1, 1, 1, 0),
(477, '2026-03-14 18:08:00', 'DCB7D505', 2, 8, 2, 41, 'Terdaftar', 'Sesuai', 2, 2, 1, 0),
(478, '2026-03-14 18:16:00', 'DCB7D505', 3, 8, 3, 41, 'Terdaftar', 'Sesuai', 3, 3, 1, 0),
(479, '2026-03-14 18:24:00', 'DCB7D505', 4, 8, 4, 41, 'Terdaftar', 'Sesuai', 4, 4, 1, 0),
(480, '2026-03-14 18:32:00', 'DCB7D505', 5, 8, 5, 41, 'Terdaftar', 'Sesuai', 5, 5, 1, 0),
(481, '2026-03-14 18:40:00', 'DCB7D505', 6, 8, 6, 41, 'Terdaftar', 'Sesuai', 6, 6, 1, 0),
(482, '2026-03-14 20:00:00', '5645F2B8', 1, 9, 1, 41, 'Terdaftar', 'Sesuai', 1, 1, 1, 0),
(483, '2026-03-14 20:08:00', '5645F2B8', 2, 9, 2, 41, 'Terdaftar', 'Sesuai', 2, 2, 1, 0),
(484, '2026-03-14 20:16:00', '5645F2B8', 3, 9, 3, 41, 'Terdaftar', 'Sesuai', 3, 3, 1, 0),
(485, '2026-03-14 20:24:00', '5645F2B8', 4, 9, 4, 41, 'Terdaftar', 'Sesuai', 4, 4, 1, 0),
(486, '2026-03-14 20:32:00', '5645F2B8', 5, 9, 5, 41, 'Terdaftar', 'Sesuai', 5, 5, 1, 0),
(487, '2026-03-14 20:40:00', '5645F2B8', 6, 9, 6, 41, 'Terdaftar', 'Sesuai', 6, 6, 1, 0),
(488, '2026-03-14 22:20:00', '965D97B8', 1, 10, 1, 42, 'Terdaftar', 'Sesuai', 1, 1, 1, 0),
(489, '2026-03-14 22:28:00', '965D97B8', 2, 10, 2, 42, 'Terdaftar', 'Sesuai', 2, 2, 1, 0),
(490, '2026-03-14 22:36:00', '965D97B8', 3, 10, 3, 42, 'Terdaftar', 'Sesuai', 3, 3, 1, 0),
(491, '2026-03-14 23:15:00', '66E6CFB8', 1, 11, 1, 42, 'Terdaftar', 'Sesuai', 1, 1, 1, 0),
(492, '2026-03-14 23:23:00', '66E6CFB8', 2, 11, 2, 42, 'Terdaftar', 'Sesuai', 2, 2, 1, 0),
(493, '2026-03-14 23:35:00', '66E6CFB8', 4, 11, 4, 42, 'Terdaftar', 'Sesuai', 3, 4, 1, 0),
(494, '2026-03-15 01:20:00', '965D97B8', 1, 10, 1, 42, 'Terdaftar', 'Sesuai', 1, 1, 1, 0),
(495, '2026-03-15 01:28:00', '965D97B8', 2, 10, 2, 42, 'Terdaftar', 'Sesuai', 2, 2, 1, 0),
(496, '2026-03-15 01:40:00', '965D97B8', 5, 10, 5, 42, 'Terdaftar', 'Sesuai', 3, 5, 1, 0),
(497, '2026-03-15 01:48:00', '965D97B8', 6, 10, 6, 42, 'Terdaftar', 'Sesuai', 4, 6, 1, 0),
(498, '2026-03-15 06:10:00', '598CB311', 1, 12, 1, 43, 'Terdaftar', 'Sesuai', 1, 1, 1, 0),
(499, '2026-03-15 06:18:00', '598CB311', 2, 12, 2, 43, 'Terdaftar', 'Sesuai', 2, 2, 1, 0),
(500, '2026-03-15 06:26:00', '598CB311', 3, 12, 3, 43, 'Terdaftar', 'Sesuai', 3, 3, 1, 0),
(501, '2026-03-15 06:34:00', '598CB311', 4, 12, 4, 43, 'Terdaftar', 'Sesuai', 4, 4, 1, 0),
(502, '2026-03-15 07:00:00', '19213E12', 1, 13, 1, 43, 'Terdaftar', 'Sesuai', 1, 1, 1, 0),
(503, '2026-03-15 07:08:00', '19213E12', 2, 13, 2, 43, 'Terdaftar', 'Sesuai', 2, 2, 1, 0),
(504, '2026-03-15 07:16:00', '19213E12', 3, 13, 3, 43, 'Terdaftar', 'Sesuai', 3, 3, 1, 0),
(505, '2026-03-15 09:40:00', '598CB311', 1, 12, 1, 43, 'Terdaftar', 'Sesuai', 1, 1, 1, 0),
(506, '2026-03-15 09:48:00', '598CB311', 2, 12, 2, 43, 'Terdaftar', 'Sesuai', 2, 2, 1, 0),
(507, '2026-03-15 10:00:00', '598CB311', 5, 12, 5, 43, 'Terdaftar', 'Sesuai', 3, 5, 1, 0),
(508, '2026-03-15 10:08:00', '598CB311', 6, 12, 6, 43, 'Terdaftar', 'Sesuai', 4, 6, 1, 0),
(509, '2026-03-15 14:15:00', 'F9AB9604', 1, 14, 1, 44, 'Terdaftar', 'Sesuai', 1, 1, 1, 0),
(510, '2026-03-15 14:23:00', 'F9AB9604', 2, 14, 2, 44, 'Terdaftar', 'Sesuai', 2, 2, 1, 0),
(511, '2026-03-15 14:31:00', 'F9AB9604', 3, 14, 3, 44, 'Terdaftar', 'Sesuai', 3, 3, 1, 0),
(512, '2026-03-15 15:00:00', 'E2698604', 1, 15, 1, 44, 'Terdaftar', 'Sesuai', 1, 1, 1, 0),
(513, '2026-03-15 15:08:00', 'E2698604', 2, 15, 2, 44, 'Terdaftar', 'Sesuai', 2, 2, 1, 0),
(514, '2026-03-15 15:20:00', 'E2698604', 4, 15, 4, 44, 'Terdaftar', 'Sesuai', 3, 4, 1, 0),
(515, '2026-03-15 15:32:00', 'E2698604', 6, 15, 6, 44, 'Terdaftar', 'Sesuai', 4, 6, 1, 0),
(516, '2026-03-15 18:00:00', 'F9AB9604', 1, 14, 1, 44, 'Terdaftar', 'Sesuai', 1, 1, 1, 0),
(517, '2026-03-15 18:08:00', 'F9AB9604', 2, 14, 2, 44, 'Terdaftar', 'Sesuai', 2, 2, 1, 0),
(518, '2026-03-15 18:16:00', 'F9AB9604', 3, 14, 3, 44, 'Terdaftar', 'Sesuai', 3, 3, 1, 0),
(519, '2026-03-15 18:24:00', 'F9AB9604', 4, 14, 4, 44, 'Terdaftar', 'Sesuai', 4, 4, 1, 0),
(520, '2026-03-15 18:32:00', 'F9AB9604', 5, 14, 5, 44, 'Terdaftar', 'Sesuai', 5, 5, 1, 0),
(521, '2026-03-15 18:40:00', 'F9AB9604', 6, 14, 6, 44, 'Terdaftar', 'Sesuai', 6, 6, 1, 0),
(522, '2026-03-15 22:15:00', 'DCB7D505', 1, 8, 1, 45, 'Terdaftar', 'Sesuai', 1, 1, 1, 0),
(523, '2026-03-15 22:23:00', 'DCB7D505', 2, 8, 2, 45, 'Terdaftar', 'Sesuai', 2, 2, 1, 0),
(524, '2026-03-15 22:31:00', 'DCB7D505', 3, 8, 3, 45, 'Terdaftar', 'Sesuai', 3, 3, 1, 0),
(525, '2026-03-15 23:00:00', '5645F2B8', 1, 9, 1, 45, 'Terdaftar', 'Sesuai', 1, 1, 1, 0),
(526, '2026-03-15 23:08:00', '5645F2B8', 2, 9, 2, 45, 'Terdaftar', 'Sesuai', 2, 2, 1, 0),
(527, '2026-03-15 23:20:00', '5645F2B8', 5, 9, 5, 45, 'Terdaftar', 'Sesuai', 3, 5, 1, 0),
(528, '2026-03-16 02:00:00', 'DCB7D505', 1, 8, 1, 45, 'Terdaftar', 'Sesuai', 1, 1, 1, 0),
(529, '2026-03-16 02:08:00', 'DCB7D505', 2, 8, 2, 45, 'Terdaftar', 'Sesuai', 2, 2, 1, 0),
(530, '2026-03-16 02:16:00', 'DCB7D505', 3, 8, 3, 45, 'Terdaftar', 'Sesuai', 3, 3, 1, 0),
(531, '2026-03-16 02:24:00', 'DCB7D505', 4, 8, 4, 45, 'Terdaftar', 'Sesuai', 4, 4, 1, 0),
(532, '2026-03-16 06:10:00', '965D97B8', 1, 10, 1, 46, 'Terdaftar', 'Sesuai', 1, 1, 1, 0),
(533, '2026-03-16 06:18:00', '965D97B8', 2, 10, 2, 46, 'Terdaftar', 'Sesuai', 2, 2, 1, 0),
(534, '2026-03-16 06:26:00', '965D97B8', 3, 10, 3, 46, 'Terdaftar', 'Sesuai', 3, 3, 1, 0),
(535, '2026-03-16 07:00:00', '66E6CFB8', 1, 11, 1, 46, 'Terdaftar', 'Sesuai', 1, 1, 1, 0),
(536, '2026-03-16 07:08:00', '66E6CFB8', 2, 11, 2, 46, 'Terdaftar', 'Sesuai', 2, 2, 1, 0),
(537, '2026-03-16 07:16:00', '66E6CFB8', 3, 11, 3, 46, 'Terdaftar', 'Sesuai', 3, 3, 1, 0),
(538, '2026-03-16 07:24:00', '66E6CFB8', 4, 11, 4, 46, 'Terdaftar', 'Sesuai', 4, 4, 1, 0),
(539, '2026-03-16 10:00:00', '965D97B8', 1, 10, 1, 46, 'Terdaftar', 'Sesuai', 1, 1, 1, 0),
(540, '2026-03-16 10:08:00', '965D97B8', 2, 10, 2, 46, 'Terdaftar', 'Sesuai', 2, 2, 1, 0),
(541, '2026-03-16 10:20:00', '965D97B8', 5, 10, 5, 46, 'Terdaftar', 'Sesuai', 3, 5, 1, 0),
(542, '2026-03-16 14:20:00', '598CB311', 1, 12, 1, 47, 'Terdaftar', 'Sesuai', 1, 1, 1, 0),
(543, '2026-03-16 14:28:00', '598CB311', 2, 12, 2, 47, 'Terdaftar', 'Sesuai', 2, 2, 1, 0),
(544, '2026-03-16 14:40:00', '598CB311', 4, 12, 4, 47, 'Terdaftar', 'Sesuai', 3, 4, 1, 0),
(545, '2026-03-16 15:10:00', '19213E12', 1, 13, 1, 47, 'Terdaftar', 'Sesuai', 1, 1, 1, 0),
(546, '2026-03-16 15:22:00', '19213E12', 3, 13, 3, 47, 'Terdaftar', 'Sesuai', 2, 3, 1, 0),
(547, '2026-03-16 15:34:00', '19213E12', 5, 13, 5, 47, 'Terdaftar', 'Sesuai', 3, 5, 1, 0),
(548, '2026-03-16 18:15:00', '598CB311', 1, 12, 1, 47, 'Terdaftar', 'Sesuai', 1, 1, 1, 0),
(549, '2026-03-16 18:23:00', '598CB311', 2, 12, 2, 47, 'Terdaftar', 'Sesuai', 2, 2, 1, 0),
(550, '2026-03-16 18:31:00', '598CB311', 3, 12, 3, 47, 'Terdaftar', 'Sesuai', 3, 3, 1, 0),
(551, '2026-03-16 18:39:00', '598CB311', 4, 12, 4, 47, 'Terdaftar', 'Sesuai', 4, 4, 1, 0),
(552, '2026-03-16 18:47:00', '598CB311', 5, 12, 5, 47, 'Terdaftar', 'Sesuai', 5, 5, 1, 0),
(553, '2026-03-16 18:55:00', '598CB311', 6, 12, 6, 47, 'Terdaftar', 'Sesuai', 6, 6, 1, 0),
(554, '2026-03-17 06:08:00', 'DCB7D505', 1, 8, 1, 49, 'Terdaftar', 'Sesuai', 1, 1, 1, 0),
(555, '2026-03-17 06:16:00', 'DCB7D505', 2, 8, 2, 49, 'Terdaftar', 'Sesuai', 2, 2, 1, 0),
(556, '2026-03-17 06:24:00', 'DCB7D505', 3, 8, 3, 49, 'Terdaftar', 'Sesuai', 3, 3, 1, 0),
(557, '2026-03-17 06:32:00', 'DCB7D505', 4, 8, 4, 49, 'Terdaftar', 'Sesuai', 4, 4, 1, 0),
(558, '2026-03-17 07:00:00', '5645F2B8', 1, 9, 1, 49, 'Terdaftar', 'Sesuai', 1, 1, 1, 0),
(559, '2026-03-17 07:08:00', '5645F2B8', 2, 9, 2, 49, 'Terdaftar', 'Sesuai', 2, 2, 1, 0),
(560, '2026-03-17 07:16:00', '5645F2B8', 3, 9, 3, 49, 'Terdaftar', 'Sesuai', 3, 3, 1, 0);
INSERT INTO `rfid_tap` (`tap_id`, `waktu_tap`, `uid_rfid`, `alat_id`, `user_id`, `ruangan_id`, `jadwal_shift_id`, `jenis`, `status_validasi`, `urutan_aktual`, `urutan_seharusnya`, `is_lcs_match`, `is_offline_tap`) VALUES
(561, '2026-03-17 07:24:00', '5645F2B8', 4, 9, 4, 49, 'Terdaftar', 'Sesuai', 4, 4, 1, 0),
(562, '2026-03-17 07:32:00', '5645F2B8', 5, 9, 5, 49, 'Terdaftar', 'Sesuai', 5, 5, 1, 0),
(563, '2026-03-17 07:40:00', '5645F2B8', 6, 9, 6, 49, 'Terdaftar', 'Sesuai', 6, 6, 1, 0),
(564, '2026-03-17 14:10:00', '965D97B8', 1, 10, 1, 50, 'Terdaftar', 'Di Luar Jadwal', 1, 1, 1, 0),
(565, '2026-03-17 14:18:00', '965D97B8', 2, 10, 2, 50, 'Terdaftar', 'Di Luar Jadwal', 2, 2, 1, 0),
(566, '2026-03-17 15:00:00', '66E6CFB8', 1, 11, 1, 50, 'Terdaftar', 'Sesuai', 1, 1, 1, 0),
(567, '2026-03-17 15:12:00', '66E6CFB8', 3, 11, 3, 50, 'Terdaftar', 'Sesuai', 2, 3, 1, 0),
(568, '2026-03-17 15:24:00', '66E6CFB8', 5, 11, 5, 50, 'Terdaftar', 'Sesuai', 3, 5, 1, 0),
(569, '2026-03-17 18:30:00', '965D97B8', 1, 10, 1, 50, 'Terdaftar', 'Sesuai', 1, 1, 1, 0),
(570, '2026-03-17 18:38:00', '965D97B8', 2, 10, 2, 50, 'Terdaftar', 'Sesuai', 2, 2, 1, 0),
(571, '2026-03-17 18:46:00', '965D97B8', 3, 10, 3, 50, 'Terdaftar', 'Sesuai', 3, 3, 1, 0),
(572, '2026-03-17 18:54:00', '965D97B8', 4, 10, 4, 50, 'Terdaftar', 'Sesuai', 4, 4, 1, 0),
(573, '2026-03-17 19:02:00', '965D97B8', 5, 10, 5, 50, 'Terdaftar', 'Sesuai', 5, 5, 1, 0),
(574, '2026-03-17 19:10:00', '965D97B8', 6, 10, 6, 50, 'Terdaftar', 'Sesuai', 6, 6, 1, 0),
(575, '2026-03-17 22:12:00', '598CB311', 1, 12, 1, 51, 'Terdaftar', 'Sesuai', 1, 1, 1, 0),
(576, '2026-03-17 22:20:00', '598CB311', 2, 12, 2, 51, 'Terdaftar', 'Sesuai', 2, 2, 1, 0),
(577, '2026-03-17 22:28:00', '598CB311', 3, 12, 3, 51, 'Terdaftar', 'Sesuai', 3, 3, 1, 0),
(578, '2026-03-17 23:00:00', '19213E12', 1, 13, 1, 51, 'Terdaftar', 'Di Luar Jadwal', 1, 1, 1, 0),
(579, '2026-03-17 23:15:00', '19213E12', 4, 13, 4, 51, 'Terdaftar', 'Di Luar Jadwal', 2, 4, 1, 0),
(580, '2026-03-18 02:00:00', '598CB311', 1, 12, 1, 51, 'Terdaftar', 'Sesuai', 1, 1, 1, 0),
(581, '2026-03-18 02:08:00', '598CB311', 2, 12, 2, 51, 'Terdaftar', 'Sesuai', 2, 2, 1, 0),
(582, '2026-03-18 02:16:00', '598CB311', 3, 12, 3, 51, 'Terdaftar', 'Sesuai', 3, 3, 1, 0),
(583, '2026-03-18 02:24:00', '598CB311', 4, 12, 4, 51, 'Terdaftar', 'Sesuai', 4, 4, 1, 0),
(584, '2026-03-18 02:32:00', '598CB311', 5, 12, 5, 51, 'Terdaftar', 'Sesuai', 5, 5, 1, 0),
(585, '2026-03-18 02:40:00', '598CB311', 6, 12, 6, 51, 'Terdaftar', 'Sesuai', 6, 6, 1, 0),
(586, '2026-03-18 06:15:00', 'F9AB9604', 1, 14, 1, 52, 'Terdaftar', 'Sesuai', 1, 1, 1, 0),
(587, '2026-03-18 06:23:00', 'F9AB9604', 2, 14, 2, 52, 'Terdaftar', 'Sesuai', 2, 2, 1, 0),
(588, '2026-03-18 06:31:00', 'F9AB9604', 3, 14, 3, 52, 'Terdaftar', 'Sesuai', 3, 3, 1, 0),
(589, '2026-03-18 07:00:00', 'E2698604', 1, 15, 1, 52, 'Terdaftar', 'Sesuai', 1, 1, 1, 0),
(590, '2026-03-18 07:08:00', 'E2698604', 2, 15, 2, 52, 'Terdaftar', 'Sesuai', 2, 2, 1, 0),
(591, '2026-03-18 07:16:00', 'E2698604', 3, 15, 3, 52, 'Terdaftar', 'Sesuai', 3, 3, 1, 0),
(592, '2026-03-18 07:24:00', 'E2698604', 4, 15, 4, 52, 'Terdaftar', 'Sesuai', 4, 4, 1, 0),
(593, '2026-03-18 07:32:00', 'E2698604', 5, 15, 5, 52, 'Terdaftar', 'Sesuai', 5, 5, 1, 0),
(594, '2026-03-18 07:40:00', 'E2698604', 6, 15, 6, 52, 'Terdaftar', 'Sesuai', 6, 6, 1, 0),
(595, '2026-03-18 10:00:00', 'F9AB9604', 1, 14, 1, 52, 'Terdaftar', 'Sesuai', 1, 1, 1, 0),
(596, '2026-03-18 10:08:00', 'F9AB9604', 2, 14, 2, 52, 'Terdaftar', 'Sesuai', 2, 2, 1, 0),
(597, '2026-03-18 10:20:00', 'F9AB9604', 4, 14, 4, 52, 'Terdaftar', 'Sesuai', 3, 4, 1, 0),
(598, '2026-03-18 15:50:00', 'DCB7D505', 1, 8, 1, 53, 'Terdaftar', 'Sesuai', 1, 1, 1, 0),
(599, '2026-03-18 15:58:00', 'DCB7D505', 2, 8, 2, 53, 'Terdaftar', 'Sesuai', 2, 2, 1, 0),
(600, '2026-03-18 16:06:00', 'DCB7D505', 3, 8, 3, 53, 'Terdaftar', 'Sesuai', 3, 3, 1, 0),
(601, '2026-03-18 16:14:00', 'DCB7D505', 4, 8, 4, 53, 'Terdaftar', 'Sesuai', 4, 4, 1, 0),
(602, '2026-03-18 16:30:00', '5645F2B8', 1, 9, 1, 53, 'Terdaftar', 'Sesuai', 1, 1, 1, 0),
(603, '2026-03-18 16:38:00', '5645F2B8', 2, 9, 2, 53, 'Terdaftar', 'Sesuai', 2, 2, 1, 0),
(604, '2026-03-18 16:50:00', '5645F2B8', 5, 9, 5, 53, 'Terdaftar', 'Sesuai', 3, 5, 1, 0),
(605, '2026-03-18 22:15:00', '965D97B8', 1, 10, 1, 54, 'Terdaftar', 'Sesuai', 1, 1, 1, 0),
(606, '2026-03-18 22:23:00', '965D97B8', 2, 10, 2, 54, 'Terdaftar', 'Sesuai', 2, 2, 1, 0),
(607, '2026-03-18 22:31:00', '965D97B8', 3, 10, 3, 54, 'Terdaftar', 'Sesuai', 3, 3, 1, 0),
(608, '2026-03-18 22:39:00', '965D97B8', 4, 10, 4, 54, 'Terdaftar', 'Sesuai', 4, 4, 1, 0),
(609, '2026-03-18 23:10:00', '66E6CFB8', 1, 11, 1, 54, 'Terdaftar', 'Di Luar Jadwal', 1, 1, 1, 0),
(610, '2026-03-18 23:18:00', '66E6CFB8', 2, 11, 2, 54, 'Terdaftar', 'Di Luar Jadwal', 2, 2, 1, 0),
(611, '2026-03-19 02:00:00', '965D97B8', 1, 10, 1, 54, 'Terdaftar', 'Sesuai', 1, 1, 1, 0),
(612, '2026-03-19 02:08:00', '965D97B8', 2, 10, 2, 54, 'Terdaftar', 'Sesuai', 2, 2, 1, 0),
(613, '2026-03-19 02:16:00', '965D97B8', 3, 10, 3, 54, 'Terdaftar', 'Sesuai', 3, 3, 1, 0),
(614, '2026-03-19 02:28:00', '965D97B8', 5, 10, 5, 54, 'Terdaftar', 'Sesuai', 4, 5, 1, 0),
(615, '2026-03-19 02:36:00', '965D97B8', 6, 10, 6, 54, 'Terdaftar', 'Sesuai', 5, 6, 1, 0),
(616, '2026-03-19 06:05:00', '598CB311', 1, 12, 1, 55, 'Terdaftar', 'Sesuai', 1, 1, 1, 0),
(617, '2026-03-19 06:13:00', '598CB311', 2, 12, 2, 55, 'Terdaftar', 'Sesuai', 2, 2, 1, 0),
(618, '2026-03-19 06:21:00', '598CB311', 3, 12, 3, 55, 'Terdaftar', 'Sesuai', 3, 3, 1, 0),
(619, '2026-03-19 06:29:00', '598CB311', 4, 12, 4, 55, 'Terdaftar', 'Sesuai', 4, 4, 1, 0),
(620, '2026-03-19 06:37:00', '598CB311', 5, 12, 5, 55, 'Terdaftar', 'Sesuai', 5, 5, 1, 0),
(621, '2026-03-19 06:45:00', '598CB311', 6, 12, 6, 55, 'Terdaftar', 'Sesuai', 6, 6, 1, 0),
(622, '2026-03-19 07:05:00', '19213E12', 1, 13, 1, 55, 'Terdaftar', 'Sesuai', 1, 1, 1, 0),
(623, '2026-03-19 07:13:00', '19213E12', 2, 13, 2, 55, 'Terdaftar', 'Sesuai', 2, 2, 1, 0),
(624, '2026-03-19 07:21:00', '19213E12', 3, 13, 3, 55, 'Terdaftar', 'Sesuai', 3, 3, 1, 0),
(625, '2026-03-19 07:29:00', '19213E12', 4, 13, 4, 55, 'Terdaftar', 'Sesuai', 4, 4, 1, 0),
(626, '2026-03-19 07:37:00', '19213E12', 5, 13, 5, 55, 'Terdaftar', 'Sesuai', 5, 5, 1, 0),
(627, '2026-03-19 07:45:00', '19213E12', 6, 13, 6, 55, 'Terdaftar', 'Sesuai', 6, 6, 1, 0),
(628, '2026-03-19 14:30:00', 'F9AB9604', 2, 14, 2, 56, 'Terdaftar', 'Di Luar Jadwal', 1, 2, 1, 0),
(629, '2026-03-19 14:45:00', 'F9AB9604', 5, 14, 5, 56, 'Terdaftar', 'Di Luar Jadwal', 2, 5, 1, 0),
(630, '2026-03-19 15:20:00', 'E2698604', 3, 15, 3, 56, 'Terdaftar', 'Di Luar Jadwal', 1, 3, 1, 0),
(631, '2026-03-19 22:02:00', 'DCB7D505', 1, 8, 1, 57, 'Terdaftar', 'Sesuai', 1, 1, 1, 0),
(632, '2026-03-19 22:10:00', 'DCB7D505', 2, 8, 2, 57, 'Terdaftar', 'Sesuai', 2, 2, 1, 0),
(633, '2026-03-19 22:18:00', 'DCB7D505', 3, 8, 3, 57, 'Terdaftar', 'Sesuai', 3, 3, 1, 0),
(634, '2026-03-19 22:26:00', 'DCB7D505', 4, 8, 4, 57, 'Terdaftar', 'Sesuai', 4, 4, 1, 0),
(635, '2026-03-19 22:34:00', 'DCB7D505', 5, 8, 5, 57, 'Terdaftar', 'Sesuai', 5, 5, 1, 0),
(636, '2026-03-19 22:42:00', 'DCB7D505', 6, 8, 6, 57, 'Terdaftar', 'Sesuai', 6, 6, 1, 0),
(637, '2026-03-19 23:15:00', '5645F2B8', 1, 9, 1, 57, 'Terdaftar', 'Sesuai', 1, 1, 1, 0),
(638, '2026-03-19 23:23:00', '5645F2B8', 2, 9, 2, 57, 'Terdaftar', 'Sesuai', 2, 2, 1, 0),
(639, '2026-03-19 23:31:00', '5645F2B8', 3, 9, 3, 57, 'Terdaftar', 'Sesuai', 3, 3, 1, 0),
(640, '2026-03-19 23:39:00', '5645F2B8', 4, 9, 4, 57, 'Terdaftar', 'Sesuai', 4, 4, 1, 0),
(641, '2026-03-19 23:47:00', '5645F2B8', 5, 9, 5, 57, 'Terdaftar', 'Sesuai', 5, 5, 1, 0),
(642, '2026-03-19 23:55:00', '5645F2B8', 6, 9, 6, 57, 'Terdaftar', 'Sesuai', 6, 6, 1, 0),
(643, '2026-03-20 02:05:00', 'DCB7D505', 1, 8, 1, 57, 'Terdaftar', 'Sesuai', 1, 1, 1, 0),
(644, '2026-03-20 02:13:00', 'DCB7D505', 2, 8, 2, 57, 'Terdaftar', 'Sesuai', 2, 2, 1, 0),
(645, '2026-03-20 02:21:00', 'DCB7D505', 3, 8, 3, 57, 'Terdaftar', 'Sesuai', 3, 3, 1, 0),
(646, '2026-03-20 02:29:00', 'DCB7D505', 4, 8, 4, 57, 'Terdaftar', 'Sesuai', 4, 4, 1, 0),
(647, '2026-03-20 02:37:00', 'DCB7D505', 5, 8, 5, 57, 'Terdaftar', 'Sesuai', 5, 5, 1, 0),
(648, '2026-03-20 02:45:00', 'DCB7D505', 6, 8, 6, 57, 'Terdaftar', 'Sesuai', 6, 6, 1, 0),
(649, '2026-03-20 06:10:00', '965D97B8', 1, 10, 1, 58, 'Terdaftar', 'Sesuai', 1, 1, 1, 0),
(650, '2026-03-20 06:18:00', '965D97B8', 2, 10, 2, 58, 'Terdaftar', 'Sesuai', 2, 2, 1, 0),
(651, '2026-03-20 06:26:00', '965D97B8', 3, 10, 3, 58, 'Terdaftar', 'Sesuai', 3, 3, 1, 0),
(652, '2026-03-20 07:00:00', '66E6CFB8', 1, 11, 1, 58, 'Terdaftar', 'Sesuai', 1, 1, 1, 0),
(653, '2026-03-20 07:08:00', '66E6CFB8', 2, 11, 2, 58, 'Terdaftar', 'Sesuai', 2, 2, 1, 0),
(654, '2026-03-20 07:20:00', '66E6CFB8', 4, 11, 4, 58, 'Terdaftar', 'Sesuai', 3, 4, 1, 0),
(655, '2026-03-20 07:32:00', '66E6CFB8', 6, 11, 6, 58, 'Terdaftar', 'Sesuai', 4, 6, 1, 0),
(656, '2026-03-20 10:15:00', '965D97B8', 1, 10, 1, 58, 'Terdaftar', 'Sesuai', 1, 1, 1, 0),
(657, '2026-03-20 10:23:00', '965D97B8', 2, 10, 2, 58, 'Terdaftar', 'Sesuai', 2, 2, 1, 0),
(658, '2026-03-20 10:31:00', '965D97B8', 3, 10, 3, 58, 'Terdaftar', 'Sesuai', 3, 3, 1, 0),
(659, '2026-03-20 10:39:00', '965D97B8', 4, 10, 4, 58, 'Terdaftar', 'Sesuai', 4, 4, 1, 0),
(660, '2026-03-20 10:47:00', '965D97B8', 5, 10, 5, 58, 'Terdaftar', 'Sesuai', 5, 5, 1, 0),
(661, '2026-03-20 14:12:00', '598CB311', 1, 12, 1, 59, 'Terdaftar', 'Sesuai', 1, 1, 1, 0),
(662, '2026-03-20 14:20:00', '598CB311', 2, 12, 2, 59, 'Terdaftar', 'Sesuai', 2, 2, 1, 0),
(663, '2026-03-20 14:28:00', '598CB311', 3, 12, 3, 59, 'Terdaftar', 'Sesuai', 3, 3, 1, 0),
(664, '2026-03-20 14:36:00', '598CB311', 4, 12, 4, 59, 'Terdaftar', 'Sesuai', 4, 4, 1, 0),
(665, '2026-03-20 15:00:00', '19213E12', 1, 13, 1, 59, 'Terdaftar', 'Sesuai', 1, 1, 1, 0),
(666, '2026-03-20 15:08:00', '19213E12', 2, 13, 2, 59, 'Terdaftar', 'Sesuai', 2, 2, 1, 0),
(667, '2026-03-20 15:20:00', '19213E12', 5, 13, 5, 59, 'Terdaftar', 'Sesuai', 3, 5, 1, 0),
(668, '2026-03-20 18:30:00', '598CB311', 1, 12, 1, 59, 'Terdaftar', 'Sesuai', 1, 1, 1, 0),
(669, '2026-03-20 18:38:00', '598CB311', 2, 12, 2, 59, 'Terdaftar', 'Sesuai', 2, 2, 1, 0),
(670, '2026-03-20 18:50:00', '598CB311', 6, 12, 6, 59, 'Terdaftar', 'Sesuai', 3, 6, 1, 0),
(671, '2026-03-20 22:45:00', 'F9AB9604', 1, 14, 1, 60, 'Terdaftar', 'Di Luar Jadwal', 1, 1, 1, 0),
(672, '2026-03-20 22:57:00', 'F9AB9604', 3, 14, 3, 60, 'Terdaftar', 'Di Luar Jadwal', 2, 3, 1, 0),
(673, '2026-03-20 23:20:00', 'E2698604', 2, 15, 2, 60, 'Terdaftar', 'Di Luar Jadwal', 1, 2, 1, 0),
(674, '2026-03-21 06:05:00', 'DCB7D505', 1, 8, 1, 61, 'Terdaftar', 'Sesuai', 1, 1, 1, 0),
(675, '2026-03-21 06:13:00', 'DCB7D505', 2, 8, 2, 61, 'Terdaftar', 'Sesuai', 2, 2, 1, 0),
(676, '2026-03-21 06:21:00', 'DCB7D505', 3, 8, 3, 61, 'Terdaftar', 'Sesuai', 3, 3, 1, 0),
(677, '2026-03-21 06:34:00', 'DCB7D505', 5, 8, 5, 61, 'Terdaftar', 'Sesuai', 4, 5, 1, 0),
(678, '2026-03-21 07:00:00', '5645F2B8', 1, 9, 1, 61, 'Terdaftar', 'Sesuai', 1, 1, 1, 0),
(679, '2026-03-21 07:08:00', '5645F2B8', 2, 9, 2, 61, 'Terdaftar', 'Sesuai', 2, 2, 1, 0),
(680, '2026-03-21 07:16:00', '5645F2B8', 3, 9, 3, 61, 'Terdaftar', 'Sesuai', 3, 3, 1, 0),
(681, '2026-03-21 07:24:00', '5645F2B8', 4, 9, 4, 61, 'Terdaftar', 'Sesuai', 4, 4, 1, 0),
(682, '2026-03-21 07:32:00', '5645F2B8', 5, 9, 5, 61, 'Terdaftar', 'Sesuai', 5, 5, 1, 0),
(683, '2026-03-21 07:40:00', '5645F2B8', 6, 9, 6, 61, 'Terdaftar', 'Sesuai', 6, 6, 1, 0),
(684, '2026-03-21 10:00:00', 'DCB7D505', 1, 8, 1, 61, 'Terdaftar', 'Sesuai', 1, 1, 1, 0),
(685, '2026-03-21 10:08:00', 'DCB7D505', 2, 8, 2, 61, 'Terdaftar', 'Sesuai', 2, 2, 1, 0),
(686, '2026-03-21 10:16:00', 'DCB7D505', 3, 8, 3, 61, 'Terdaftar', 'Sesuai', 3, 3, 1, 0),
(687, '2026-03-21 10:24:00', 'DCB7D505', 4, 8, 4, 61, 'Terdaftar', 'Sesuai', 4, 4, 1, 0),
(688, '2026-03-21 10:32:00', 'DCB7D505', 5, 8, 5, 61, 'Terdaftar', 'Sesuai', 5, 5, 1, 0),
(689, '2026-03-21 10:40:00', 'DCB7D505', 6, 8, 6, 61, 'Terdaftar', 'Sesuai', 6, 6, 1, 0),
(690, '2026-03-21 14:15:00', '965D97B8', 1, 10, 1, 62, 'Terdaftar', 'Sesuai', 1, 1, 1, 0),
(691, '2026-03-21 14:23:00', '965D97B8', 2, 10, 2, 62, 'Terdaftar', 'Sesuai', 2, 2, 1, 0),
(692, '2026-03-21 14:31:00', '965D97B8', 3, 10, 3, 62, 'Terdaftar', 'Sesuai', 3, 3, 1, 0),
(693, '2026-03-21 14:39:00', '965D97B8', 4, 10, 4, 62, 'Terdaftar', 'Sesuai', 4, 4, 1, 0),
(694, '2026-03-21 15:00:00', '66E6CFB8', 1, 11, 1, 62, 'Terdaftar', 'Sesuai', 1, 1, 1, 0),
(695, '2026-03-21 15:12:00', '66E6CFB8', 3, 11, 3, 62, 'Terdaftar', 'Sesuai', 2, 3, 1, 0),
(696, '2026-03-21 15:24:00', '66E6CFB8', 5, 11, 5, 62, 'Terdaftar', 'Sesuai', 3, 5, 1, 0),
(697, '2026-03-21 18:00:00', '965D97B8', 1, 10, 1, 62, 'Terdaftar', 'Sesuai', 1, 1, 1, 0),
(698, '2026-03-21 18:08:00', '965D97B8', 2, 10, 2, 62, 'Terdaftar', 'Sesuai', 2, 2, 1, 0),
(699, '2026-03-21 18:16:00', '965D97B8', 3, 10, 3, 62, 'Terdaftar', 'Sesuai', 3, 3, 1, 0),
(700, '2026-03-21 18:24:00', '965D97B8', 4, 10, 4, 62, 'Terdaftar', 'Sesuai', 4, 4, 1, 0),
(701, '2026-03-21 18:32:00', '965D97B8', 5, 10, 5, 62, 'Terdaftar', 'Sesuai', 5, 5, 1, 0),
(702, '2026-03-21 18:40:00', '965D97B8', 6, 10, 6, 62, 'Terdaftar', 'Sesuai', 6, 6, 1, 0),
(703, '2026-03-22 06:08:00', 'F9AB9604', 1, 14, 1, 64, 'Terdaftar', 'Sesuai', 1, 1, 1, 0),
(704, '2026-03-22 06:16:00', 'F9AB9604', 2, 14, 2, 64, 'Terdaftar', 'Sesuai', 2, 2, 1, 0),
(705, '2026-03-22 06:24:00', 'F9AB9604', 3, 14, 3, 64, 'Terdaftar', 'Sesuai', 3, 3, 1, 0),
(706, '2026-03-22 06:32:00', 'F9AB9604', 4, 14, 4, 64, 'Terdaftar', 'Sesuai', 4, 4, 1, 0),
(707, '2026-03-22 06:40:00', 'F9AB9604', 5, 14, 5, 64, 'Terdaftar', 'Sesuai', 5, 5, 1, 0),
(708, '2026-03-22 06:48:00', 'F9AB9604', 6, 14, 6, 64, 'Terdaftar', 'Sesuai', 6, 6, 1, 0),
(709, '2026-03-22 07:00:00', 'E2698604', 1, 15, 1, 64, 'Terdaftar', 'Sesuai', 1, 1, 1, 0),
(710, '2026-03-22 07:08:00', 'E2698604', 2, 15, 2, 64, 'Terdaftar', 'Sesuai', 2, 2, 1, 0),
(711, '2026-03-22 07:16:00', 'E2698604', 3, 15, 3, 64, 'Terdaftar', 'Sesuai', 3, 3, 1, 0),
(712, '2026-03-22 07:24:00', 'E2698604', 4, 15, 4, 64, 'Terdaftar', 'Sesuai', 4, 4, 1, 0),
(713, '2026-03-22 07:32:00', 'E2698604', 5, 15, 5, 64, 'Terdaftar', 'Sesuai', 5, 5, 1, 0),
(714, '2026-03-22 07:40:00', 'E2698604', 6, 15, 6, 64, 'Terdaftar', 'Sesuai', 6, 6, 1, 0),
(715, '2026-03-22 10:15:00', 'F9AB9604', 1, 14, 1, 64, 'Terdaftar', 'Sesuai', 1, 1, 1, 0),
(716, '2026-03-22 10:23:00', 'F9AB9604', 2, 14, 2, 64, 'Terdaftar', 'Sesuai', 2, 2, 1, 0),
(717, '2026-03-22 10:31:00', 'F9AB9604', 3, 14, 3, 64, 'Terdaftar', 'Sesuai', 3, 3, 1, 0),
(718, '2026-03-22 10:39:00', 'F9AB9604', 4, 14, 4, 64, 'Terdaftar', 'Sesuai', 4, 4, 1, 0),
(719, '2026-03-22 10:47:00', 'F9AB9604', 5, 14, 5, 64, 'Terdaftar', 'Sesuai', 5, 5, 1, 0),
(720, '2026-03-22 10:55:00', 'F9AB9604', 6, 14, 6, 64, 'Terdaftar', 'Sesuai', 6, 6, 1, 0),
(721, '2026-03-22 14:10:00', 'DCB7D505', 1, 8, 1, 65, 'Terdaftar', 'Sesuai', 1, 1, 1, 0),
(722, '2026-03-22 14:18:00', 'DCB7D505', 2, 8, 2, 65, 'Terdaftar', 'Sesuai', 2, 2, 1, 0),
(723, '2026-03-22 14:26:00', 'DCB7D505', 3, 8, 3, 65, 'Terdaftar', 'Sesuai', 3, 3, 1, 0),
(724, '2026-03-22 15:00:00', '5645F2B8', 1, 9, 1, 65, 'Terdaftar', 'Sesuai', 1, 1, 1, 0),
(725, '2026-03-22 15:08:00', '5645F2B8', 2, 9, 2, 65, 'Terdaftar', 'Sesuai', 2, 2, 1, 0),
(726, '2026-03-22 15:20:00', '5645F2B8', 4, 9, 4, 65, 'Terdaftar', 'Sesuai', 3, 4, 1, 0),
(727, '2026-03-22 18:15:00', 'DCB7D505', 1, 8, 1, 65, 'Terdaftar', 'Sesuai', 1, 1, 1, 0),
(728, '2026-03-22 18:23:00', 'DCB7D505', 2, 8, 2, 65, 'Terdaftar', 'Sesuai', 2, 2, 1, 0),
(729, '2026-03-22 18:31:00', 'DCB7D505', 3, 8, 3, 65, 'Terdaftar', 'Sesuai', 3, 3, 1, 0),
(730, '2026-03-22 18:39:00', 'DCB7D505', 4, 8, 4, 65, 'Terdaftar', 'Sesuai', 4, 4, 1, 0),
(731, '2026-03-22 18:47:00', 'DCB7D505', 5, 8, 5, 65, 'Terdaftar', 'Sesuai', 5, 5, 1, 0),
(732, '2026-03-22 18:55:00', 'DCB7D505', 6, 8, 6, 65, 'Terdaftar', 'Sesuai', 6, 6, 1, 0),
(733, '2026-03-22 22:20:00', '965D97B8', 1, 10, 1, 66, 'Terdaftar', 'Sesuai', 1, 1, 1, 0),
(734, '2026-03-22 22:28:00', '965D97B8', 2, 10, 2, 66, 'Terdaftar', 'Sesuai', 2, 2, 1, 0),
(735, '2026-03-22 22:36:00', '965D97B8', 3, 10, 3, 66, 'Terdaftar', 'Sesuai', 3, 3, 1, 0),
(736, '2026-03-22 22:44:00', '965D97B8', 4, 10, 4, 66, 'Terdaftar', 'Sesuai', 4, 4, 1, 0),
(737, '2026-03-22 23:15:00', '66E6CFB8', 1, 11, 1, 66, 'Terdaftar', 'Sesuai', 1, 1, 1, 0),
(738, '2026-03-22 23:23:00', '66E6CFB8', 2, 11, 2, 66, 'Terdaftar', 'Sesuai', 2, 2, 1, 0),
(739, '2026-03-22 23:31:00', '66E6CFB8', 3, 11, 3, 66, 'Terdaftar', 'Sesuai', 3, 3, 1, 0),
(740, '2026-03-23 01:30:00', '965D97B8', 1, 10, 1, 66, 'Terdaftar', 'Sesuai', 1, 1, 1, 0),
(741, '2026-03-23 01:38:00', '965D97B8', 2, 10, 2, 66, 'Terdaftar', 'Sesuai', 2, 2, 1, 0),
(742, '2026-03-23 01:50:00', '965D97B8', 5, 10, 5, 66, 'Terdaftar', 'Sesuai', 3, 5, 1, 0),
(743, '2026-03-23 06:15:00', '598CB311', 1, 12, 1, 67, 'Terdaftar', 'Sesuai', 1, 1, 1, 0),
(744, '2026-03-23 06:23:00', '598CB311', 2, 12, 2, 67, 'Terdaftar', 'Sesuai', 2, 2, 1, 0),
(745, '2026-03-23 06:31:00', '598CB311', 3, 12, 3, 67, 'Terdaftar', 'Sesuai', 3, 3, 1, 0),
(746, '2026-03-23 07:00:00', '19213E12', 1, 13, 1, 67, 'Terdaftar', 'Sesuai', 1, 1, 1, 0),
(747, '2026-03-23 07:08:00', '19213E12', 2, 13, 2, 67, 'Terdaftar', 'Sesuai', 2, 2, 1, 0),
(748, '2026-03-23 07:20:00', '19213E12', 4, 13, 4, 67, 'Terdaftar', 'Sesuai', 3, 4, 1, 0),
(749, '2026-03-23 10:00:00', '598CB311', 1, 12, 1, 67, 'Terdaftar', 'Sesuai', 1, 1, 1, 0),
(750, '2026-03-23 10:08:00', '598CB311', 2, 12, 2, 67, 'Terdaftar', 'Sesuai', 2, 2, 1, 0),
(751, '2026-03-23 10:20:00', '598CB311', 4, 12, 4, 67, 'Terdaftar', 'Sesuai', 3, 4, 1, 0),
(752, '2026-03-23 10:28:00', '598CB311', 5, 12, 5, 67, 'Terdaftar', 'Sesuai', 4, 5, 1, 0),
(753, '2026-03-23 14:10:00', 'F9AB9604', 1, 14, 1, 68, 'Terdaftar', 'Sesuai', 1, 1, 1, 0),
(754, '2026-03-23 14:18:00', 'F9AB9604', 2, 14, 2, 68, 'Terdaftar', 'Sesuai', 2, 2, 1, 0),
(755, '2026-03-23 14:26:00', 'F9AB9604', 3, 14, 3, 68, 'Terdaftar', 'Sesuai', 3, 3, 1, 0),
(756, '2026-03-23 15:00:00', 'E2698604', 1, 15, 1, 68, 'Terdaftar', 'Sesuai', 1, 1, 1, 0),
(757, '2026-03-23 15:15:00', 'E2698604', 4, 15, 4, 68, 'Terdaftar', 'Sesuai', 2, 4, 1, 0),
(758, '2026-03-23 15:27:00', 'E2698604', 6, 15, 6, 68, 'Terdaftar', 'Sesuai', 3, 6, 1, 0),
(759, '2026-03-23 18:00:00', 'F9AB9604', 1, 14, 1, 68, 'Terdaftar', 'Sesuai', 1, 1, 1, 0),
(760, '2026-03-23 18:08:00', 'F9AB9604', 2, 14, 2, 68, 'Terdaftar', 'Sesuai', 2, 2, 1, 0),
(761, '2026-03-23 18:16:00', 'F9AB9604', 3, 14, 3, 68, 'Terdaftar', 'Sesuai', 3, 3, 1, 0),
(762, '2026-03-23 18:24:00', 'F9AB9604', 4, 14, 4, 68, 'Terdaftar', 'Sesuai', 4, 4, 1, 0),
(763, '2026-03-23 18:32:00', 'F9AB9604', 5, 14, 5, 68, 'Terdaftar', 'Sesuai', 5, 5, 1, 0),
(764, '2026-03-23 18:40:00', 'F9AB9604', 6, 14, 6, 68, 'Terdaftar', 'Sesuai', 6, 6, 1, 0),
(765, '2026-03-23 22:03:00', 'DCB7D505', 1, 8, 1, 69, 'Terdaftar', 'Sesuai', 1, 1, 1, 0),
(766, '2026-03-23 22:11:00', 'DCB7D505', 2, 8, 2, 69, 'Terdaftar', 'Sesuai', 2, 2, 1, 0),
(767, '2026-03-23 22:19:00', 'DCB7D505', 3, 8, 3, 69, 'Terdaftar', 'Sesuai', 3, 3, 1, 0),
(768, '2026-03-23 22:27:00', 'DCB7D505', 4, 8, 4, 69, 'Terdaftar', 'Sesuai', 4, 4, 1, 0),
(769, '2026-03-23 22:35:00', 'DCB7D505', 5, 8, 5, 69, 'Terdaftar', 'Sesuai', 5, 5, 1, 0),
(770, '2026-03-23 22:43:00', 'DCB7D505', 6, 8, 6, 69, 'Terdaftar', 'Sesuai', 6, 6, 1, 0),
(771, '2026-03-23 23:00:00', '5645F2B8', 1, 9, 1, 69, 'Terdaftar', 'Sesuai', 1, 1, 1, 0),
(772, '2026-03-23 23:08:00', '5645F2B8', 2, 9, 2, 69, 'Terdaftar', 'Sesuai', 2, 2, 1, 0),
(773, '2026-03-23 23:16:00', '5645F2B8', 3, 9, 3, 69, 'Terdaftar', 'Sesuai', 3, 3, 1, 0),
(774, '2026-03-23 23:24:00', '5645F2B8', 4, 9, 4, 69, 'Terdaftar', 'Sesuai', 4, 4, 1, 0),
(775, '2026-03-23 23:32:00', '5645F2B8', 5, 9, 5, 69, 'Terdaftar', 'Sesuai', 5, 5, 1, 0),
(776, '2026-03-23 23:40:00', '5645F2B8', 6, 9, 6, 69, 'Terdaftar', 'Sesuai', 6, 6, 1, 0),
(777, '2026-03-24 02:00:00', 'DCB7D505', 1, 8, 1, 69, 'Terdaftar', 'Sesuai', 1, 1, 1, 0),
(778, '2026-03-24 02:08:00', 'DCB7D505', 2, 8, 2, 69, 'Terdaftar', 'Sesuai', 2, 2, 1, 0),
(779, '2026-03-24 02:16:00', 'DCB7D505', 3, 8, 3, 69, 'Terdaftar', 'Sesuai', 3, 3, 1, 0),
(780, '2026-03-24 02:24:00', 'DCB7D505', 4, 8, 4, 69, 'Terdaftar', 'Sesuai', 4, 4, 1, 0),
(781, '2026-03-24 02:32:00', 'DCB7D505', 5, 8, 5, 69, 'Terdaftar', 'Sesuai', 5, 5, 1, 0),
(782, '2026-03-24 02:40:00', 'DCB7D505', 6, 8, 6, 69, 'Terdaftar', 'Sesuai', 6, 6, 1, 0),
(783, '2026-03-24 06:30:00', '965D97B8', 1, 10, 1, 70, 'Terdaftar', 'Di Luar Jadwal', 1, 1, 1, 0),
(784, '2026-03-24 06:38:00', '965D97B8', 2, 10, 2, 70, 'Terdaftar', 'Di Luar Jadwal', 2, 2, 1, 0),
(785, '2026-03-24 07:10:00', '66E6CFB8', 4, 11, 4, 70, 'Terdaftar', 'Di Luar Jadwal', 1, 4, 1, 0),
(786, '2026-03-24 07:18:00', '66E6CFB8', 5, 11, 5, 70, 'Terdaftar', 'Di Luar Jadwal', 2, 5, 1, 0),
(787, '2026-03-24 14:08:00', '598CB311', 1, 12, 1, 71, 'Terdaftar', 'Sesuai', 1, 1, 1, 0),
(788, '2026-03-24 14:16:00', '598CB311', 2, 12, 2, 71, 'Terdaftar', 'Sesuai', 2, 2, 1, 0),
(789, '2026-03-24 14:24:00', '598CB311', 3, 12, 3, 71, 'Terdaftar', 'Sesuai', 3, 3, 1, 0),
(790, '2026-03-24 14:32:00', '598CB311', 4, 12, 4, 71, 'Terdaftar', 'Sesuai', 4, 4, 1, 0),
(791, '2026-03-24 15:00:00', '19213E12', 1, 13, 1, 71, 'Terdaftar', 'Sesuai', 1, 1, 1, 0),
(792, '2026-03-24 15:08:00', '19213E12', 2, 13, 2, 71, 'Terdaftar', 'Sesuai', 2, 2, 1, 0),
(793, '2026-03-24 15:20:00', '19213E12', 5, 13, 5, 71, 'Terdaftar', 'Sesuai', 3, 5, 1, 0),
(794, '2026-03-24 18:30:00', '598CB311', 1, 12, 1, 71, 'Terdaftar', 'Sesuai', 1, 1, 1, 0),
(795, '2026-03-24 18:38:00', '598CB311', 2, 12, 2, 71, 'Terdaftar', 'Sesuai', 2, 2, 1, 0),
(796, '2026-03-24 18:46:00', '598CB311', 3, 12, 3, 71, 'Terdaftar', 'Sesuai', 3, 3, 1, 0),
(797, '2026-03-24 18:54:00', '598CB311', 4, 12, 4, 71, 'Terdaftar', 'Sesuai', 4, 4, 1, 0),
(798, '2026-03-24 19:02:00', '598CB311', 5, 12, 5, 71, 'Terdaftar', 'Sesuai', 5, 5, 1, 0),
(799, '2026-03-24 19:10:00', '598CB311', 6, 12, 6, 71, 'Terdaftar', 'Sesuai', 6, 6, 1, 0),
(800, '2026-03-24 22:30:00', 'F9AB9604', 3, 14, 3, 72, 'Terdaftar', 'Di Luar Jadwal', 1, 3, 1, 0),
(801, '2026-03-24 23:00:00', 'E2698604', 1, 15, 1, 72, 'Terdaftar', 'Di Luar Jadwal', 1, 1, 1, 0),
(802, '2026-03-25 06:02:00', 'DCB7D505', 1, 8, 1, 73, 'Terdaftar', 'Sesuai', 1, 1, 1, 0),
(803, '2026-03-25 06:10:00', 'DCB7D505', 2, 8, 2, 73, 'Terdaftar', 'Sesuai', 2, 2, 1, 0),
(804, '2026-03-25 06:18:00', 'DCB7D505', 3, 8, 3, 73, 'Terdaftar', 'Sesuai', 3, 3, 1, 0),
(805, '2026-03-25 06:26:00', 'DCB7D505', 4, 8, 4, 73, 'Terdaftar', 'Sesuai', 4, 4, 1, 0),
(806, '2026-03-25 06:34:00', 'DCB7D505', 5, 8, 5, 73, 'Terdaftar', 'Sesuai', 5, 5, 1, 0),
(807, '2026-03-25 06:42:00', 'DCB7D505', 6, 8, 6, 73, 'Terdaftar', 'Sesuai', 6, 6, 1, 0),
(808, '2026-03-25 07:00:00', '5645F2B8', 1, 9, 1, 73, 'Terdaftar', 'Sesuai', 1, 1, 1, 0),
(809, '2026-03-25 07:08:00', '5645F2B8', 2, 9, 2, 73, 'Terdaftar', 'Sesuai', 2, 2, 1, 0),
(810, '2026-03-25 07:16:00', '5645F2B8', 3, 9, 3, 73, 'Terdaftar', 'Sesuai', 3, 3, 1, 0),
(811, '2026-03-25 07:24:00', '5645F2B8', 4, 9, 4, 73, 'Terdaftar', 'Sesuai', 4, 4, 1, 0),
(812, '2026-03-25 07:32:00', '5645F2B8', 5, 9, 5, 73, 'Terdaftar', 'Sesuai', 5, 5, 1, 0),
(813, '2026-03-25 07:40:00', '5645F2B8', 6, 9, 6, 73, 'Terdaftar', 'Sesuai', 6, 6, 1, 0),
(814, '2026-03-25 09:45:00', 'DCB7D505', 1, 8, 1, 73, 'Terdaftar', 'Sesuai', 1, 1, 1, 0),
(815, '2026-03-25 09:53:00', 'DCB7D505', 2, 8, 2, 73, 'Terdaftar', 'Sesuai', 2, 2, 1, 0),
(816, '2026-03-25 10:01:00', 'DCB7D505', 3, 8, 3, 73, 'Terdaftar', 'Sesuai', 3, 3, 1, 0),
(817, '2026-03-25 10:09:00', 'DCB7D505', 4, 8, 4, 73, 'Terdaftar', 'Sesuai', 4, 4, 1, 0),
(818, '2026-03-25 10:17:00', 'DCB7D505', 5, 8, 5, 73, 'Terdaftar', 'Sesuai', 5, 5, 1, 0),
(819, '2026-03-25 10:25:00', 'DCB7D505', 6, 8, 6, 73, 'Terdaftar', 'Sesuai', 6, 6, 1, 0),
(820, '2026-03-25 14:20:00', '965D97B8', 1, 10, 1, 74, 'Terdaftar', 'Sesuai', 1, 1, 1, 0),
(821, '2026-03-25 14:28:00', '965D97B8', 2, 10, 2, 74, 'Terdaftar', 'Sesuai', 2, 2, 1, 0),
(822, '2026-03-25 14:36:00', '965D97B8', 3, 10, 3, 74, 'Terdaftar', 'Sesuai', 3, 3, 1, 0),
(823, '2026-03-25 15:10:00', '66E6CFB8', 1, 11, 1, 74, 'Terdaftar', 'Sesuai', 1, 1, 1, 0),
(824, '2026-03-25 15:18:00', '66E6CFB8', 2, 11, 2, 74, 'Terdaftar', 'Sesuai', 2, 2, 1, 0),
(825, '2026-03-25 15:30:00', '66E6CFB8', 4, 11, 4, 74, 'Terdaftar', 'Sesuai', 3, 4, 1, 0),
(826, '2026-03-25 18:10:00', '965D97B8', 1, 10, 1, 74, 'Terdaftar', 'Sesuai', 1, 1, 1, 0),
(827, '2026-03-25 18:18:00', '965D97B8', 2, 10, 2, 74, 'Terdaftar', 'Sesuai', 2, 2, 1, 0),
(828, '2026-03-25 18:30:00', '965D97B8', 5, 10, 5, 74, 'Terdaftar', 'Sesuai', 3, 5, 1, 0),
(829, '2026-03-25 18:38:00', '965D97B8', 6, 10, 6, 74, 'Terdaftar', 'Sesuai', 4, 6, 1, 0),
(830, '2026-03-25 22:10:00', '598CB311', 1, 12, 1, 75, 'Terdaftar', 'Sesuai', 1, 1, 1, 0),
(831, '2026-03-25 22:18:00', '598CB311', 2, 12, 2, 75, 'Terdaftar', 'Sesuai', 2, 2, 1, 0),
(832, '2026-03-25 22:26:00', '598CB311', 3, 12, 3, 75, 'Terdaftar', 'Sesuai', 3, 3, 1, 0),
(833, '2026-03-25 23:00:00', '19213E12', 1, 13, 1, 75, 'Terdaftar', 'Sesuai', 1, 1, 1, 0),
(834, '2026-03-25 23:08:00', '19213E12', 2, 13, 2, 75, 'Terdaftar', 'Sesuai', 2, 2, 1, 0),
(835, '2026-03-25 23:20:00', '19213E12', 5, 13, 5, 75, 'Terdaftar', 'Sesuai', 3, 5, 1, 0),
(836, '2026-03-26 02:00:00', '598CB311', 1, 12, 1, 75, 'Terdaftar', 'Sesuai', 1, 1, 1, 0),
(837, '2026-03-26 02:08:00', '598CB311', 2, 12, 2, 75, 'Terdaftar', 'Sesuai', 2, 2, 1, 0),
(838, '2026-03-26 02:16:00', '598CB311', 3, 12, 3, 75, 'Terdaftar', 'Sesuai', 3, 3, 1, 0),
(839, '2026-03-26 02:24:00', '598CB311', 4, 12, 4, 75, 'Terdaftar', 'Sesuai', 4, 4, 1, 0),
(840, '2026-03-26 06:12:00', 'F9AB9604', 1, 14, 1, 76, 'Terdaftar', 'Sesuai', 1, 1, 1, 0),
(841, '2026-03-26 06:20:00', 'F9AB9604', 2, 14, 2, 76, 'Terdaftar', 'Sesuai', 2, 2, 1, 0),
(842, '2026-03-26 06:28:00', 'F9AB9604', 3, 14, 3, 76, 'Terdaftar', 'Sesuai', 3, 3, 1, 0),
(843, '2026-03-26 06:36:00', 'F9AB9604', 4, 14, 4, 76, 'Terdaftar', 'Sesuai', 4, 4, 1, 0),
(844, '2026-03-26 07:00:00', 'E2698604', 1, 15, 1, 76, 'Terdaftar', 'Sesuai', 1, 1, 1, 0),
(845, '2026-03-26 07:08:00', 'E2698604', 2, 15, 2, 76, 'Terdaftar', 'Sesuai', 2, 2, 1, 0),
(846, '2026-03-26 07:16:00', 'E2698604', 3, 15, 3, 76, 'Terdaftar', 'Sesuai', 3, 3, 1, 0),
(847, '2026-03-26 10:00:00', 'F9AB9604', 1, 14, 1, 76, 'Terdaftar', 'Sesuai', 1, 1, 1, 0),
(848, '2026-03-26 10:08:00', 'F9AB9604', 2, 14, 2, 76, 'Terdaftar', 'Sesuai', 2, 2, 1, 0),
(849, '2026-03-26 10:20:00', 'F9AB9604', 5, 14, 5, 76, 'Terdaftar', 'Sesuai', 3, 5, 1, 0),
(850, '2026-03-26 14:05:00', 'DCB7D505', 1, 8, 1, 77, 'Terdaftar', 'Sesuai', 1, 1, 1, 0),
(851, '2026-03-26 14:13:00', 'DCB7D505', 2, 8, 2, 77, 'Terdaftar', 'Sesuai', 2, 2, 1, 0),
(852, '2026-03-26 14:21:00', 'DCB7D505', 3, 8, 3, 77, 'Terdaftar', 'Sesuai', 3, 3, 1, 0),
(853, '2026-03-26 14:29:00', 'DCB7D505', 4, 8, 4, 77, 'Terdaftar', 'Sesuai', 4, 4, 1, 0),
(854, '2026-03-26 14:37:00', 'DCB7D505', 5, 8, 5, 77, 'Terdaftar', 'Sesuai', 5, 5, 1, 0),
(855, '2026-03-26 14:45:00', 'DCB7D505', 6, 8, 6, 77, 'Terdaftar', 'Sesuai', 6, 6, 1, 0),
(856, '2026-03-26 15:00:00', '5645F2B8', 1, 9, 1, 77, 'Terdaftar', 'Sesuai', 1, 1, 1, 0),
(857, '2026-03-26 15:08:00', '5645F2B8', 2, 9, 2, 77, 'Terdaftar', 'Sesuai', 2, 2, 1, 0),
(858, '2026-03-26 15:16:00', '5645F2B8', 3, 9, 3, 77, 'Terdaftar', 'Sesuai', 3, 3, 1, 0),
(859, '2026-03-26 15:24:00', '5645F2B8', 4, 9, 4, 77, 'Terdaftar', 'Sesuai', 4, 4, 1, 0),
(860, '2026-03-26 15:32:00', '5645F2B8', 5, 9, 5, 77, 'Terdaftar', 'Sesuai', 5, 5, 1, 0),
(861, '2026-03-26 15:40:00', '5645F2B8', 6, 9, 6, 77, 'Terdaftar', 'Sesuai', 6, 6, 1, 0),
(862, '2026-03-26 18:00:00', 'DCB7D505', 1, 8, 1, 77, 'Terdaftar', 'Sesuai', 1, 1, 1, 0),
(863, '2026-03-26 18:08:00', 'DCB7D505', 2, 8, 2, 77, 'Terdaftar', 'Sesuai', 2, 2, 1, 0),
(864, '2026-03-26 18:16:00', 'DCB7D505', 3, 8, 3, 77, 'Terdaftar', 'Sesuai', 3, 3, 1, 0),
(865, '2026-03-26 18:24:00', 'DCB7D505', 4, 8, 4, 77, 'Terdaftar', 'Sesuai', 4, 4, 1, 0),
(866, '2026-03-26 18:32:00', 'DCB7D505', 5, 8, 5, 77, 'Terdaftar', 'Sesuai', 5, 5, 1, 0),
(867, '2026-03-26 18:40:00', 'DCB7D505', 6, 8, 6, 77, 'Terdaftar', 'Sesuai', 6, 6, 1, 0),
(868, '2026-03-27 06:10:00', '598CB311', 4, 12, 4, 79, 'Terdaftar', 'Sesuai', 1, 4, 1, 0),
(869, '2026-03-27 06:18:00', '598CB311', 2, 12, 2, 79, 'Terdaftar', 'Sesuai', 2, 2, 0, 0),
(870, '2026-03-27 06:26:00', '598CB311', 6, 12, 6, 79, 'Terdaftar', 'Sesuai', 3, 6, 1, 0),
(871, '2026-03-27 06:34:00', '598CB311', 1, 12, 1, 79, 'Terdaftar', 'Sesuai', 4, 1, 0, 0),
(872, '2026-03-27 06:42:00', '598CB311', 5, 12, 5, 79, 'Terdaftar', 'Sesuai', 5, 5, 0, 0),
(873, '2026-03-27 06:50:00', '598CB311', 3, 12, 3, 79, 'Terdaftar', 'Sesuai', 6, 3, 0, 0),
(874, '2026-03-27 07:30:00', '19213E12', 3, 13, 3, 79, 'Terdaftar', 'Sesuai', 1, 3, 1, 0),
(875, '2026-03-27 07:38:00', '19213E12', 1, 13, 1, 79, 'Terdaftar', 'Sesuai', 2, 1, 0, 0),
(876, '2026-03-27 07:46:00', '19213E12', 5, 13, 5, 79, 'Terdaftar', 'Sesuai', 3, 5, 1, 0),
(877, '2026-03-27 07:54:00', '19213E12', 2, 13, 2, 79, 'Terdaftar', 'Sesuai', 4, 2, 0, 0),
(878, '2026-03-27 14:20:00', 'F9AB9604', 1, 14, 1, 80, 'Terdaftar', 'Sesuai', 1, 1, 1, 0),
(879, '2026-03-27 14:28:00', 'F9AB9604', 2, 14, 2, 80, 'Terdaftar', 'Sesuai', 2, 2, 1, 0),
(880, '2026-03-27 14:36:00', 'F9AB9604', 3, 14, 3, 80, 'Terdaftar', 'Sesuai', 3, 3, 1, 0),
(881, '2026-03-27 15:10:00', 'E2698604', 1, 15, 1, 80, 'Terdaftar', 'Sesuai', 1, 1, 1, 0),
(882, '2026-03-27 15:18:00', 'E2698604', 2, 15, 2, 80, 'Terdaftar', 'Sesuai', 2, 2, 1, 0),
(883, '2026-03-27 15:30:00', 'E2698604', 4, 15, 4, 80, 'Terdaftar', 'Sesuai', 3, 4, 1, 0),
(884, '2026-03-27 15:42:00', 'E2698604', 6, 15, 6, 80, 'Terdaftar', 'Sesuai', 4, 6, 1, 0),
(885, '2026-03-27 18:00:00', 'F9AB9604', 1, 14, 1, 80, 'Terdaftar', 'Sesuai', 1, 1, 1, 0),
(886, '2026-03-27 18:08:00', 'F9AB9604', 2, 14, 2, 80, 'Terdaftar', 'Sesuai', 2, 2, 1, 0),
(887, '2026-03-27 18:16:00', 'F9AB9604', 3, 14, 3, 80, 'Terdaftar', 'Sesuai', 3, 3, 1, 0),
(888, '2026-03-27 18:24:00', 'F9AB9604', 4, 14, 4, 80, 'Terdaftar', 'Sesuai', 4, 4, 1, 0),
(889, '2026-03-27 18:32:00', 'F9AB9604', 5, 14, 5, 80, 'Terdaftar', 'Sesuai', 5, 5, 1, 0),
(890, '2026-03-27 22:01:00', 'DCB7D505', 1, 8, 1, 81, 'Terdaftar', 'Sesuai', 1, 1, 1, 0),
(891, '2026-03-27 22:09:00', 'DCB7D505', 2, 8, 2, 81, 'Terdaftar', 'Sesuai', 2, 2, 1, 0),
(892, '2026-03-27 22:17:00', 'DCB7D505', 3, 8, 3, 81, 'Terdaftar', 'Sesuai', 3, 3, 1, 0),
(893, '2026-03-27 22:25:00', 'DCB7D505', 4, 8, 4, 81, 'Terdaftar', 'Sesuai', 4, 4, 1, 0),
(894, '2026-03-27 22:33:00', 'DCB7D505', 5, 8, 5, 81, 'Terdaftar', 'Sesuai', 5, 5, 1, 0),
(895, '2026-03-27 22:41:00', 'DCB7D505', 6, 8, 6, 81, 'Terdaftar', 'Sesuai', 6, 6, 1, 0),
(896, '2026-03-27 23:10:00', '5645F2B8', 1, 9, 1, 81, 'Terdaftar', 'Sesuai', 1, 1, 1, 0),
(897, '2026-03-27 23:18:00', '5645F2B8', 2, 9, 2, 81, 'Terdaftar', 'Sesuai', 2, 2, 1, 0),
(898, '2026-03-27 23:26:00', '5645F2B8', 3, 9, 3, 81, 'Terdaftar', 'Sesuai', 3, 3, 1, 0),
(899, '2026-03-27 23:34:00', '5645F2B8', 4, 9, 4, 81, 'Terdaftar', 'Sesuai', 4, 4, 1, 0),
(900, '2026-03-27 23:42:00', '5645F2B8', 5, 9, 5, 81, 'Terdaftar', 'Sesuai', 5, 5, 1, 0),
(901, '2026-03-27 23:50:00', '5645F2B8', 6, 9, 6, 81, 'Terdaftar', 'Sesuai', 6, 6, 1, 0),
(902, '2026-03-28 01:30:00', 'DCB7D505', 1, 8, 1, 81, 'Terdaftar', 'Sesuai', 1, 1, 1, 0),
(903, '2026-03-28 01:38:00', 'DCB7D505', 2, 8, 2, 81, 'Terdaftar', 'Sesuai', 2, 2, 1, 0),
(904, '2026-03-28 01:46:00', 'DCB7D505', 3, 8, 3, 81, 'Terdaftar', 'Sesuai', 3, 3, 1, 0),
(905, '2026-03-28 01:54:00', 'DCB7D505', 4, 8, 4, 81, 'Terdaftar', 'Sesuai', 4, 4, 1, 0),
(906, '2026-03-28 02:02:00', 'DCB7D505', 5, 8, 5, 81, 'Terdaftar', 'Sesuai', 5, 5, 1, 0),
(907, '2026-03-28 02:10:00', 'DCB7D505', 6, 8, 6, 81, 'Terdaftar', 'Sesuai', 6, 6, 1, 0),
(908, '2026-03-28 03:30:00', '5645F2B8', 1, 9, 1, 81, 'Terdaftar', 'Sesuai', 1, 1, 1, 0),
(909, '2026-03-28 03:38:00', '5645F2B8', 2, 9, 2, 81, 'Terdaftar', 'Sesuai', 2, 2, 1, 0),
(910, '2026-03-28 03:46:00', '5645F2B8', 3, 9, 3, 81, 'Terdaftar', 'Sesuai', 3, 3, 1, 0),
(911, '2026-03-28 03:54:00', '5645F2B8', 4, 9, 4, 81, 'Terdaftar', 'Sesuai', 4, 4, 1, 0),
(912, '2026-03-28 04:02:00', '5645F2B8', 5, 9, 5, 81, 'Terdaftar', 'Sesuai', 5, 5, 1, 0),
(913, '2026-03-28 04:10:00', '5645F2B8', 6, 9, 6, 81, 'Terdaftar', 'Sesuai', 6, 6, 1, 0),
(914, '2026-03-28 06:18:00', '965D97B8', 1, 10, 1, 82, 'Terdaftar', 'Sesuai', 1, 1, 1, 0),
(915, '2026-03-28 06:26:00', '965D97B8', 2, 10, 2, 82, 'Terdaftar', 'Sesuai', 2, 2, 1, 0),
(916, '2026-03-28 06:34:00', '965D97B8', 3, 10, 3, 82, 'Terdaftar', 'Sesuai', 3, 3, 1, 0),
(917, '2026-03-28 07:00:00', '66E6CFB8', 1, 11, 1, 82, 'Terdaftar', 'Sesuai', 1, 1, 1, 0),
(918, '2026-03-28 07:08:00', '66E6CFB8', 2, 11, 2, 82, 'Terdaftar', 'Sesuai', 2, 2, 1, 0),
(919, '2026-03-28 07:20:00', '66E6CFB8', 5, 11, 5, 82, 'Terdaftar', 'Sesuai', 3, 5, 1, 0),
(920, '2026-03-28 10:00:00', '965D97B8', 1, 10, 1, 82, 'Terdaftar', 'Sesuai', 1, 1, 1, 0),
(921, '2026-03-28 10:08:00', '965D97B8', 2, 10, 2, 82, 'Terdaftar', 'Sesuai', 2, 2, 1, 0),
(922, '2026-03-28 10:16:00', '965D97B8', 3, 10, 3, 82, 'Terdaftar', 'Sesuai', 3, 3, 1, 0),
(923, '2026-03-28 10:24:00', '965D97B8', 4, 10, 4, 82, 'Terdaftar', 'Sesuai', 4, 4, 1, 0),
(924, '2026-03-28 10:32:00', '965D97B8', 5, 10, 5, 82, 'Terdaftar', 'Sesuai', 5, 5, 1, 0),
(925, '2026-03-28 10:40:00', '965D97B8', 6, 10, 6, 82, 'Terdaftar', 'Sesuai', 6, 6, 1, 0),
(926, '2026-03-28 14:10:00', '598CB311', 1, 12, 1, 83, 'Terdaftar', 'Sesuai', 1, 1, 1, 0),
(927, '2026-03-28 14:18:00', '598CB311', 2, 12, 2, 83, 'Terdaftar', 'Sesuai', 2, 2, 1, 0),
(928, '2026-03-28 14:26:00', '598CB311', 3, 12, 3, 83, 'Terdaftar', 'Sesuai', 3, 3, 1, 0),
(929, '2026-03-28 14:34:00', '598CB311', 4, 12, 4, 83, 'Terdaftar', 'Sesuai', 4, 4, 1, 0),
(930, '2026-03-28 15:00:00', '19213E12', 1, 13, 1, 83, 'Terdaftar', 'Sesuai', 1, 1, 1, 0),
(931, '2026-03-28 15:12:00', '19213E12', 3, 13, 3, 83, 'Terdaftar', 'Sesuai', 2, 3, 1, 0),
(932, '2026-03-28 15:24:00', '19213E12', 5, 13, 5, 83, 'Terdaftar', 'Sesuai', 3, 5, 1, 0),
(933, '2026-03-28 18:00:00', '598CB311', 1, 12, 1, 83, 'Terdaftar', 'Sesuai', 1, 1, 1, 0),
(934, '2026-03-28 18:08:00', '598CB311', 2, 12, 2, 83, 'Terdaftar', 'Sesuai', 2, 2, 1, 0),
(935, '2026-03-28 18:16:00', '598CB311', 3, 12, 3, 83, 'Terdaftar', 'Sesuai', 3, 3, 1, 0),
(936, '2026-03-28 18:24:00', '598CB311', 4, 12, 4, 83, 'Terdaftar', 'Sesuai', 4, 4, 1, 0),
(937, '2026-03-28 18:32:00', '598CB311', 5, 12, 5, 83, 'Terdaftar', 'Sesuai', 5, 5, 1, 0),
(938, '2026-03-28 18:40:00', '598CB311', 6, 12, 6, 83, 'Terdaftar', 'Sesuai', 6, 6, 1, 0),
(939, '2026-03-29 00:05:00', 'F9AB9604', 1, 14, 1, 84, 'Terdaftar', 'Sesuai', 1, 1, 1, 0),
(940, '2026-03-29 00:13:00', 'F9AB9604', 2, 14, 2, 84, 'Terdaftar', 'Sesuai', 2, 2, 1, 0),
(941, '2026-03-29 00:21:00', 'F9AB9604', 3, 14, 3, 84, 'Terdaftar', 'Sesuai', 3, 3, 1, 0),
(942, '2026-03-29 01:00:00', 'E2698604', 4, 15, 4, 84, 'Terdaftar', 'Di Luar Jadwal', 1, 4, 1, 0),
(943, '2026-03-29 01:08:00', 'E2698604', 5, 15, 5, 84, 'Terdaftar', 'Di Luar Jadwal', 2, 5, 1, 0),
(944, '2026-03-29 06:00:00', 'DCB7D505', 1, 8, 1, 85, 'Terdaftar', 'Sesuai', 1, 1, 1, 0),
(945, '2026-03-29 06:08:00', 'DCB7D505', 2, 8, 2, 85, 'Terdaftar', 'Sesuai', 2, 2, 1, 0),
(946, '2026-03-29 06:16:00', 'DCB7D505', 3, 8, 3, 85, 'Terdaftar', 'Sesuai', 3, 3, 1, 0),
(947, '2026-03-29 06:24:00', 'DCB7D505', 4, 8, 4, 85, 'Terdaftar', 'Sesuai', 4, 4, 1, 0),
(948, '2026-03-29 06:32:00', 'DCB7D505', 5, 8, 5, 85, 'Terdaftar', 'Sesuai', 5, 5, 1, 0),
(949, '2026-03-29 06:40:00', 'DCB7D505', 6, 8, 6, 85, 'Terdaftar', 'Sesuai', 6, 6, 1, 0),
(950, '2026-03-29 07:00:00', '5645F2B8', 1, 9, 1, 85, 'Terdaftar', 'Sesuai', 1, 1, 1, 0),
(951, '2026-03-29 07:08:00', '5645F2B8', 2, 9, 2, 85, 'Terdaftar', 'Sesuai', 2, 2, 1, 0),
(952, '2026-03-29 07:16:00', '5645F2B8', 3, 9, 3, 85, 'Terdaftar', 'Sesuai', 3, 3, 1, 0),
(953, '2026-03-29 07:24:00', '5645F2B8', 4, 9, 4, 85, 'Terdaftar', 'Sesuai', 4, 4, 1, 0),
(954, '2026-03-29 07:32:00', '5645F2B8', 5, 9, 5, 85, 'Terdaftar', 'Sesuai', 5, 5, 1, 0),
(955, '2026-03-29 07:40:00', '5645F2B8', 6, 9, 6, 85, 'Terdaftar', 'Sesuai', 6, 6, 1, 0),
(956, '2026-03-29 09:00:00', 'DCB7D505', 1, 8, 1, 85, 'Terdaftar', 'Sesuai', 1, 1, 1, 0),
(957, '2026-03-29 09:08:00', 'DCB7D505', 2, 8, 2, 85, 'Terdaftar', 'Sesuai', 2, 2, 1, 0),
(958, '2026-03-29 09:16:00', 'DCB7D505', 3, 8, 3, 85, 'Terdaftar', 'Sesuai', 3, 3, 1, 0),
(959, '2026-03-29 09:24:00', 'DCB7D505', 4, 8, 4, 85, 'Terdaftar', 'Sesuai', 4, 4, 1, 0),
(960, '2026-03-29 09:32:00', 'DCB7D505', 5, 8, 5, 85, 'Terdaftar', 'Sesuai', 5, 5, 1, 0),
(961, '2026-03-29 09:40:00', 'DCB7D505', 6, 8, 6, 85, 'Terdaftar', 'Sesuai', 6, 6, 1, 0),
(962, '2026-03-29 11:00:00', '5645F2B8', 1, 9, 1, 85, 'Terdaftar', 'Sesuai', 1, 1, 1, 0),
(963, '2026-03-29 11:08:00', '5645F2B8', 2, 9, 2, 85, 'Terdaftar', 'Sesuai', 2, 2, 1, 0),
(964, '2026-03-29 11:16:00', '5645F2B8', 3, 9, 3, 85, 'Terdaftar', 'Sesuai', 3, 3, 1, 0),
(965, '2026-03-29 11:24:00', '5645F2B8', 4, 9, 4, 85, 'Terdaftar', 'Sesuai', 4, 4, 1, 0),
(966, '2026-03-29 11:32:00', '5645F2B8', 5, 9, 5, 85, 'Terdaftar', 'Sesuai', 5, 5, 1, 0),
(967, '2026-03-29 11:40:00', '5645F2B8', 6, 9, 6, 85, 'Terdaftar', 'Sesuai', 6, 6, 1, 0),
(968, '2026-03-29 14:10:00', '965D97B8', 1, 10, 1, 86, 'Terdaftar', 'Sesuai', 1, 1, 1, 0),
(969, '2026-03-29 14:18:00', '965D97B8', 2, 10, 2, 86, 'Terdaftar', 'Sesuai', 2, 2, 1, 0),
(970, '2026-03-29 14:26:00', '965D97B8', 3, 10, 3, 86, 'Terdaftar', 'Sesuai', 3, 3, 1, 0),
(971, '2026-03-29 14:34:00', '965D97B8', 4, 10, 4, 86, 'Terdaftar', 'Sesuai', 4, 4, 1, 0),
(972, '2026-03-29 15:00:00', '66E6CFB8', 1, 11, 1, 86, 'Terdaftar', 'Sesuai', 1, 1, 1, 0),
(973, '2026-03-29 15:08:00', '66E6CFB8', 2, 11, 2, 86, 'Terdaftar', 'Sesuai', 2, 2, 1, 0),
(974, '2026-03-29 15:20:00', '66E6CFB8', 5, 11, 5, 86, 'Terdaftar', 'Sesuai', 3, 5, 1, 0),
(975, '2026-03-29 17:30:00', '965D97B8', 1, 10, 1, 86, 'Terdaftar', 'Sesuai', 1, 1, 1, 0),
(976, '2026-03-29 17:38:00', '965D97B8', 2, 10, 2, 86, 'Terdaftar', 'Sesuai', 2, 2, 1, 0),
(977, '2026-03-29 17:46:00', '965D97B8', 3, 10, 3, 86, 'Terdaftar', 'Sesuai', 3, 3, 1, 0),
(978, '2026-03-29 17:54:00', '965D97B8', 4, 10, 4, 86, 'Terdaftar', 'Sesuai', 4, 4, 1, 0),
(979, '2026-03-29 18:02:00', '965D97B8', 5, 10, 5, 86, 'Terdaftar', 'Sesuai', 5, 5, 1, 0),
(980, '2026-03-29 18:10:00', '965D97B8', 6, 10, 6, 86, 'Terdaftar', 'Sesuai', 6, 6, 1, 0),
(981, '2026-03-29 22:10:00', '598CB311', 1, 12, 1, 87, 'Terdaftar', 'Sesuai', 1, 1, 1, 0),
(982, '2026-03-29 22:18:00', '598CB311', 2, 12, 2, 87, 'Terdaftar', 'Sesuai', 2, 2, 1, 0),
(983, '2026-03-29 22:26:00', '598CB311', 3, 12, 3, 87, 'Terdaftar', 'Sesuai', 3, 3, 1, 0),
(984, '2026-03-29 22:34:00', '598CB311', 4, 12, 4, 87, 'Terdaftar', 'Sesuai', 4, 4, 1, 0),
(985, '2026-03-29 23:00:00', '19213E12', 1, 13, 1, 87, 'Terdaftar', 'Sesuai', 1, 1, 1, 0),
(986, '2026-03-29 23:08:00', '19213E12', 2, 13, 2, 87, 'Terdaftar', 'Sesuai', 2, 2, 1, 0),
(987, '2026-03-29 23:16:00', '19213E12', 3, 13, 3, 87, 'Terdaftar', 'Sesuai', 3, 3, 1, 0),
(988, '2026-03-30 01:30:00', '598CB311', 1, 12, 1, 87, 'Terdaftar', 'Sesuai', 1, 1, 1, 0),
(989, '2026-03-30 01:38:00', '598CB311', 2, 12, 2, 87, 'Terdaftar', 'Sesuai', 2, 2, 1, 0),
(990, '2026-03-30 01:50:00', '598CB311', 5, 12, 5, 87, 'Terdaftar', 'Sesuai', 3, 5, 1, 0),
(991, '2026-03-30 06:15:00', 'F9AB9604', 1, 14, 1, 88, 'Terdaftar', 'Sesuai', 1, 1, 1, 0),
(992, '2026-03-30 06:23:00', 'F9AB9604', 2, 14, 2, 88, 'Terdaftar', 'Sesuai', 2, 2, 1, 0),
(993, '2026-03-30 06:31:00', 'F9AB9604', 3, 14, 3, 88, 'Terdaftar', 'Sesuai', 3, 3, 1, 0),
(994, '2026-03-30 07:00:00', 'E2698604', 1, 15, 1, 88, 'Terdaftar', 'Sesuai', 1, 1, 1, 0),
(995, '2026-03-30 07:08:00', 'E2698604', 2, 15, 2, 88, 'Terdaftar', 'Sesuai', 2, 2, 1, 0),
(996, '2026-03-30 07:20:00', 'E2698604', 4, 15, 4, 88, 'Terdaftar', 'Sesuai', 3, 4, 1, 0),
(997, '2026-03-30 10:00:00', 'F9AB9604', 1, 14, 1, 88, 'Terdaftar', 'Sesuai', 1, 1, 1, 0),
(998, '2026-03-30 10:08:00', 'F9AB9604', 2, 14, 2, 88, 'Terdaftar', 'Sesuai', 2, 2, 1, 0),
(999, '2026-03-30 10:16:00', 'F9AB9604', 3, 14, 3, 88, 'Terdaftar', 'Sesuai', 3, 3, 1, 0),
(1000, '2026-03-30 10:24:00', 'F9AB9604', 4, 14, 4, 88, 'Terdaftar', 'Sesuai', 4, 4, 1, 0),
(1001, '2026-03-30 10:32:00', 'F9AB9604', 5, 14, 5, 88, 'Terdaftar', 'Sesuai', 5, 5, 1, 0),
(1002, '2026-03-30 10:40:00', 'F9AB9604', 6, 14, 6, 88, 'Terdaftar', 'Sesuai', 6, 6, 1, 0),
(1003, '2026-03-30 14:02:00', 'DCB7D505', 1, 8, 1, 89, 'Terdaftar', 'Sesuai', 1, 1, 1, 0),
(1004, '2026-03-30 14:10:00', 'DCB7D505', 2, 8, 2, 89, 'Terdaftar', 'Sesuai', 2, 2, 1, 0),
(1005, '2026-03-30 14:18:00', 'DCB7D505', 3, 8, 3, 89, 'Terdaftar', 'Sesuai', 3, 3, 1, 0),
(1006, '2026-03-30 14:26:00', 'DCB7D505', 4, 8, 4, 89, 'Terdaftar', 'Sesuai', 4, 4, 1, 0),
(1007, '2026-03-30 14:34:00', 'DCB7D505', 5, 8, 5, 89, 'Terdaftar', 'Sesuai', 5, 5, 1, 0),
(1008, '2026-03-30 14:42:00', 'DCB7D505', 6, 8, 6, 89, 'Terdaftar', 'Sesuai', 6, 6, 1, 0),
(1009, '2026-03-30 15:00:00', '5645F2B8', 1, 9, 1, 89, 'Terdaftar', 'Sesuai', 1, 1, 1, 0),
(1010, '2026-03-30 15:08:00', '5645F2B8', 2, 9, 2, 89, 'Terdaftar', 'Sesuai', 2, 2, 1, 0),
(1011, '2026-03-30 15:16:00', '5645F2B8', 3, 9, 3, 89, 'Terdaftar', 'Sesuai', 3, 3, 1, 0),
(1012, '2026-03-30 15:24:00', '5645F2B8', 4, 9, 4, 89, 'Terdaftar', 'Sesuai', 4, 4, 1, 0),
(1013, '2026-03-30 15:32:00', '5645F2B8', 5, 9, 5, 89, 'Terdaftar', 'Sesuai', 5, 5, 1, 0),
(1014, '2026-03-30 15:40:00', '5645F2B8', 6, 9, 6, 89, 'Terdaftar', 'Sesuai', 6, 6, 1, 0),
(1015, '2026-03-30 18:00:00', 'DCB7D505', 1, 8, 1, 89, 'Terdaftar', 'Sesuai', 1, 1, 1, 0),
(1016, '2026-03-30 18:08:00', 'DCB7D505', 2, 8, 2, 89, 'Terdaftar', 'Sesuai', 2, 2, 1, 0),
(1017, '2026-03-30 18:16:00', 'DCB7D505', 3, 8, 3, 89, 'Terdaftar', 'Sesuai', 3, 3, 1, 0),
(1018, '2026-03-30 18:24:00', 'DCB7D505', 4, 8, 4, 89, 'Terdaftar', 'Sesuai', 4, 4, 1, 0),
(1019, '2026-03-30 18:32:00', 'DCB7D505', 5, 8, 5, 89, 'Terdaftar', 'Sesuai', 5, 5, 1, 0),
(1020, '2026-03-30 18:40:00', 'DCB7D505', 6, 8, 6, 89, 'Terdaftar', 'Sesuai', 6, 6, 1, 0),
(1021, '2026-03-30 20:00:00', '5645F2B8', 1, 9, 1, 89, 'Terdaftar', 'Sesuai', 1, 1, 1, 0),
(1022, '2026-03-30 20:08:00', '5645F2B8', 2, 9, 2, 89, 'Terdaftar', 'Sesuai', 2, 2, 1, 0),
(1023, '2026-03-30 20:16:00', '5645F2B8', 3, 9, 3, 89, 'Terdaftar', 'Sesuai', 3, 3, 1, 0),
(1024, '2026-03-30 20:24:00', '5645F2B8', 4, 9, 4, 89, 'Terdaftar', 'Sesuai', 4, 4, 1, 0),
(1025, '2026-03-30 20:32:00', '5645F2B8', 5, 9, 5, 89, 'Terdaftar', 'Sesuai', 5, 5, 1, 0),
(1026, '2026-03-30 20:40:00', '5645F2B8', 6, 9, 6, 89, 'Terdaftar', 'Sesuai', 6, 6, 1, 0),
(1027, '2026-03-31 06:10:00', '598CB311', 1, 12, 1, 91, 'Terdaftar', 'Sesuai', 1, 1, 1, 0),
(1028, '2026-03-31 06:18:00', '598CB311', 2, 12, 2, 91, 'Terdaftar', 'Sesuai', 2, 2, 1, 0),
(1029, '2026-03-31 06:26:00', '598CB311', 3, 12, 3, 91, 'Terdaftar', 'Sesuai', 3, 3, 1, 0),
(1030, '2026-03-31 06:34:00', '598CB311', 4, 12, 4, 91, 'Terdaftar', 'Sesuai', 4, 4, 1, 0),
(1031, '2026-03-31 07:00:00', '19213E12', 1, 13, 1, 91, 'Terdaftar', 'Sesuai', 1, 1, 1, 0),
(1032, '2026-03-31 07:08:00', '19213E12', 2, 13, 2, 91, 'Terdaftar', 'Sesuai', 2, 2, 1, 0),
(1033, '2026-03-31 07:16:00', '19213E12', 3, 13, 3, 91, 'Terdaftar', 'Sesuai', 3, 3, 1, 0),
(1034, '2026-03-31 07:29:00', '19213E12', 5, 13, 5, 91, 'Terdaftar', 'Sesuai', 4, 5, 1, 0),
(1035, '2026-03-31 09:30:00', '598CB311', 1, 12, 1, 91, 'Terdaftar', 'Sesuai', 1, 1, 1, 0),
(1036, '2026-03-31 09:38:00', '598CB311', 2, 12, 2, 91, 'Terdaftar', 'Sesuai', 2, 2, 1, 0),
(1037, '2026-03-31 09:50:00', '598CB311', 5, 12, 5, 91, 'Terdaftar', 'Sesuai', 3, 5, 1, 0),
(1038, '2026-03-31 09:58:00', '598CB311', 6, 12, 6, 91, 'Terdaftar', 'Sesuai', 4, 6, 1, 0),
(1039, '2026-03-31 14:15:00', 'F9AB9604', 1, 14, 1, 92, 'Terdaftar', 'Sesuai', 1, 1, 1, 0),
(1040, '2026-03-31 14:23:00', 'F9AB9604', 2, 14, 2, 92, 'Terdaftar', 'Sesuai', 2, 2, 1, 0),
(1041, '2026-03-31 14:31:00', 'F9AB9604', 3, 14, 3, 92, 'Terdaftar', 'Sesuai', 3, 3, 1, 0),
(1042, '2026-03-31 14:39:00', 'F9AB9604', 4, 14, 4, 92, 'Terdaftar', 'Sesuai', 4, 4, 1, 0),
(1043, '2026-03-31 15:00:00', 'E2698604', 1, 15, 1, 92, 'Terdaftar', 'Sesuai', 1, 1, 1, 0),
(1044, '2026-03-31 15:08:00', 'E2698604', 2, 15, 2, 92, 'Terdaftar', 'Sesuai', 2, 2, 1, 0),
(1045, '2026-03-31 15:20:00', 'E2698604', 5, 15, 5, 92, 'Terdaftar', 'Sesuai', 3, 5, 1, 0),
(1046, '2026-03-31 18:30:00', 'F9AB9604', 1, 14, 1, 92, 'Terdaftar', 'Sesuai', 1, 1, 1, 0),
(1047, '2026-03-31 18:38:00', 'F9AB9604', 2, 14, 2, 92, 'Terdaftar', 'Sesuai', 2, 2, 1, 0),
(1048, '2026-03-31 18:46:00', 'F9AB9604', 3, 14, 3, 92, 'Terdaftar', 'Sesuai', 3, 3, 1, 0),
(1049, '2026-03-31 18:54:00', 'F9AB9604', 4, 14, 4, 92, 'Terdaftar', 'Sesuai', 4, 4, 1, 0),
(1050, '2026-03-31 19:02:00', 'F9AB9604', 5, 14, 5, 92, 'Terdaftar', 'Sesuai', 5, 5, 1, 0),
(1051, '2026-03-31 19:10:00', 'F9AB9604', 6, 14, 6, 92, 'Terdaftar', 'Sesuai', 6, 6, 1, 0),
(1052, '2026-03-31 22:30:00', 'DCB7D505', 1, 8, 1, 93, 'Terdaftar', 'Di Luar Jadwal', 1, 1, 1, 0),
(1053, '2026-03-31 22:44:00', 'DCB7D505', 3, 8, 3, 93, 'Terdaftar', 'Di Luar Jadwal', 2, 3, 1, 0),
(1054, '2026-04-01 00:10:00', '5645F2B8', 2, 9, 2, 93, 'Terdaftar', 'Di Luar Jadwal', 1, 2, 1, 0),
(1055, '2026-06-08 10:36:47', 'DCB7D505', 2, 8, 2, NULL, 'Terdaftar', 'Tidak Terjadwal', NULL, NULL, 0, 0),
(1056, '2026-06-08 10:37:19', '261E74B8', 2, NULL, 2, NULL, 'Asing', NULL, NULL, NULL, 0, 0),
(1057, '2026-06-08 10:37:27', '261E74B8', 2, NULL, 2, NULL, 'Asing', NULL, NULL, NULL, 0, 0),
(1058, '2026-06-08 11:46:36', '19213E12', 3, 13, 3, NULL, 'Terdaftar', 'Tidak Terjadwal', NULL, NULL, 0, 0),
(1059, '2026-06-08 11:46:47', '261E74B8', 3, NULL, 3, NULL, 'Asing', NULL, NULL, NULL, 0, 0),
(1060, '2026-06-08 11:46:59', '261E74B8', 3, NULL, 3, NULL, 'Asing', NULL, NULL, NULL, 0, 0),
(1061, '2026-06-08 11:47:06', '19213E12', 3, 13, 3, NULL, 'Terdaftar', 'Tidak Terjadwal', NULL, NULL, 0, 0),
(1062, '2026-06-08 11:47:10', 'DCB7D505', 3, 8, 3, NULL, 'Terdaftar', 'Tidak Terjadwal', NULL, NULL, 0, 0),
(1063, '2026-06-08 11:47:25', '08D59D5B', 3, NULL, 3, NULL, 'Asing', NULL, NULL, NULL, 0, 0),
(1064, '2026-06-08 11:47:42', '261E74B8', 3, NULL, 3, NULL, 'Asing', NULL, NULL, NULL, 0, 0),
(1065, '2026-06-08 11:47:50', '19213E12', 3, 13, 3, NULL, 'Terdaftar', 'Tidak Terjadwal', NULL, NULL, 0, 0),
(1066, '2026-06-08 11:47:55', '19213E12', 3, 13, 3, NULL, 'Terdaftar', 'Tidak Terjadwal', NULL, NULL, 0, 0),
(1067, '2026-06-08 11:51:26', '965D97B8', 3, 10, 3, NULL, 'Terdaftar', 'Tidak Terjadwal', NULL, NULL, 0, 0),
(1068, '2026-06-08 11:51:27', '5645F2B8', 3, 9, 3, NULL, 'Terdaftar', 'Tidak Terjadwal', NULL, NULL, 0, 0),
(1069, '2026-06-08 11:51:31', 'E2698604', 3, 15, 3, NULL, 'Terdaftar', 'Tidak Terjadwal', NULL, NULL, 0, 0),
(1070, '2026-06-08 11:53:30', '19213E12', 3, 13, 3, NULL, 'Terdaftar', 'Tidak Terjadwal', NULL, NULL, 0, 0),
(1071, '2026-06-08 11:54:01', 'DCB7D505', 3, 8, 3, NULL, 'Terdaftar', 'Tidak Terjadwal', NULL, NULL, 0, 0),
(1072, '2026-06-08 11:54:13', 'DCB7D505', 3, 8, 3, NULL, 'Terdaftar', 'Tidak Terjadwal', NULL, NULL, 0, 0),
(1073, '2026-06-08 16:33:01', '598CB311', 5, 12, 5, NULL, 'Terdaftar', 'Tidak Terjadwal', NULL, NULL, 0, 0),
(1074, '2026-06-08 16:33:09', '598CB311', 4, 12, 4, NULL, 'Terdaftar', 'Tidak Terjadwal', NULL, NULL, 0, 0),
(1075, '2026-06-08 16:33:12', 'DCB7D505', 6, 8, 6, NULL, 'Terdaftar', 'Tidak Terjadwal', NULL, NULL, 0, 0),
(1076, '2026-06-08 16:35:42', '66E6CFB8', 5, 11, 5, 94, 'Terdaftar', 'Tidak Sesuai', 1, 5, 0, 0),
(1077, '2026-06-08 16:36:21', '5645F2B8', 5, 9, 5, 94, 'Terdaftar', 'Sesuai', 1, 5, 1, 0),
(1078, '2026-06-08 16:36:25', '5645F2B8', 4, 9, 4, 94, 'Terdaftar', 'Sesuai', 2, 4, 0, 0),
(1079, '2026-06-08 16:36:27', '5645F2B8', 6, 9, 6, 94, 'Terdaftar', 'Sesuai', 3, 6, 1, 0),
(1080, '2026-06-08 16:36:30', '5645F2B8', 3, 9, 3, 94, 'Terdaftar', 'Sesuai', 4, 3, 0, 0),
(1081, '2026-06-08 16:36:45', 'DCB7D505', 5, 8, 5, 94, 'Terdaftar', 'Tidak Sesuai', 1, 5, 0, 0),
(1082, '2026-06-08 16:36:48', '19213E12', 4, 13, 4, 94, 'Terdaftar', 'Tidak Sesuai', 1, 4, 0, 0),
(1083, '2026-06-08 16:37:11', '5645F2B8', 4, 9, 4, 94, 'Terdaftar', 'Sesuai', 5, 4, 0, 0),
(1084, '2026-06-08 16:37:39', '5645F2B8', 4, 9, 4, 94, 'Terdaftar', 'Sesuai', 6, 4, 0, 0),
(1085, '2026-06-08 16:46:02', '19213E12', 5, 13, 5, 94, 'Terdaftar', 'Tidak Sesuai', 2, 5, 0, 0),
(1086, '2026-06-08 16:48:15', '19213E12', 4, 13, 4, 94, 'Terdaftar', 'Tidak Sesuai', 3, 4, 0, 0),
(1087, '2026-06-10 20:22:05', 'DCB7D505', 1, 8, 1, NULL, 'Terdaftar', 'Tidak Terjadwal', NULL, NULL, 0, 0),
(1088, '2026-06-10 20:22:12', 'DCB7D505', 1, 8, 1, NULL, 'Terdaftar', 'Tidak Terjadwal', NULL, NULL, 0, 0),
(1089, '2026-06-10 20:22:19', 'DCB7D505', 1, 8, 1, NULL, 'Terdaftar', 'Tidak Terjadwal', NULL, NULL, 0, 0),
(1090, '2026-06-10 20:22:24', 'DCB7D505', 1, 8, 1, NULL, 'Terdaftar', 'Tidak Terjadwal', NULL, NULL, 0, 0),
(1091, '2026-06-10 21:58:05', '598CB311', 2, 12, 2, NULL, 'Terdaftar', 'Tidak Terjadwal', NULL, NULL, 0, 0),
(1092, '2026-06-10 21:59:28', '598CB311', 2, 12, 2, NULL, 'Terdaftar', 'Tidak Terjadwal', NULL, NULL, 0, 0),
(1093, '2026-06-10 22:03:02', '261E74B8', 1, NULL, 1, NULL, 'Asing', NULL, NULL, NULL, 0, 0),
(1094, '2026-06-10 22:03:13', 'F9AB9604', 1, 14, 1, NULL, 'Terdaftar', 'Tidak Terjadwal', NULL, NULL, 0, 0),
(1095, '2026-06-10 22:55:33', '598CB311', 1, 12, 1, NULL, 'Terdaftar', 'Tidak Terjadwal', NULL, NULL, 0, 0),
(1096, '2026-06-10 22:56:53', '965D97B8', 2, 10, 2, NULL, 'Terdaftar', 'Tidak Terjadwal', NULL, NULL, 0, 0),
(1097, '2026-06-10 22:57:23', '261E74B8', 3, NULL, 3, NULL, 'Asing', NULL, NULL, NULL, 0, 0),
(1098, '2026-06-11 13:29:24', 'DCB7D505', 2, 8, 2, 95, 'Terdaftar', 'Sesuai', NULL, NULL, 1, 0),
(1099, '2026-06-11 13:29:54', '261E74B8', 1, NULL, 1, NULL, 'Asing', NULL, NULL, NULL, 0, 0),
(1100, '2026-06-11 13:30:22', 'E2698604', 1, 15, 1, 95, 'Terdaftar', 'Sesuai', NULL, NULL, 1, 0),
(1101, '2026-06-11 13:31:25', 'DCB7D505', 1, 8, 1, 95, 'Terdaftar', 'Sesuai', 2, 1, 0, 0),
(1102, '2026-06-11 13:31:33', 'E2698604', 1, 15, 1, 95, 'Terdaftar', 'Sesuai', 2, 1, 0, 0),
(1103, '2026-06-11 13:33:39', 'DCB7D505', 3, 8, 3, 95, 'Terdaftar', 'Sesuai', 3, 3, 1, 0),
(1104, '2026-06-11 13:33:47', 'DCB7D505', 4, 8, 4, 95, 'Terdaftar', 'Sesuai', 4, 4, 1, 0),
(1105, '2026-06-11 13:33:49', 'DCB7D505', 5, 8, 5, 95, 'Terdaftar', 'Sesuai', 5, 5, 1, 0),
(1106, '2026-06-11 13:33:52', 'DCB7D505', 6, 8, 6, 95, 'Terdaftar', 'Sesuai', 6, 6, 1, 0),
(1107, '2026-06-11 15:27:48', '965D97B8', 4, 10, 4, 96, 'Terdaftar', 'Sesuai', 1, 4, 1, 0),
(1108, '2026-06-11 15:28:08', '965D97B8', 6, 10, 6, 96, 'Terdaftar', 'Sesuai', 2, 6, 1, 0),
(1109, '2026-06-11 15:29:22', '5645F2B8', 3, 9, 3, 96, 'Terdaftar', 'Sesuai', 1, 3, 0, 0),
(1110, '2026-06-11 15:29:27', '5645F2B8', 1, 9, 1, 96, 'Terdaftar', 'Sesuai', 2, 1, 1, 0),
(1111, '2026-06-11 15:29:33', '5645F2B8', 2, 9, 2, 96, 'Terdaftar', 'Sesuai', 3, 2, 1, 0),
(1112, '2026-06-11 15:29:36', '5645F2B8', 5, 9, 5, 96, 'Terdaftar', 'Sesuai', 4, 5, 1, 0),
(1113, '2026-06-11 15:29:40', '5645F2B8', 6, 9, 6, 96, 'Terdaftar', 'Sesuai', 5, 6, 1, 0);
INSERT INTO `rfid_tap` (`tap_id`, `waktu_tap`, `uid_rfid`, `alat_id`, `user_id`, `ruangan_id`, `jadwal_shift_id`, `jenis`, `status_validasi`, `urutan_aktual`, `urutan_seharusnya`, `is_lcs_match`, `is_offline_tap`) VALUES
(1114, '2026-07-01 05:43:55', '598CB311', 1, 12, 1, 98, 'Terdaftar', 'Tidak Sesuai', 1, 1, 0, 0),
(1115, '2026-07-01 05:44:14', '261E74B8', 1, NULL, 1, NULL, 'Asing', NULL, NULL, NULL, 0, 0),
(1116, '2026-07-01 05:45:44', 'DCB7D505', 1, 8, 1, 98, 'Terdaftar', 'Sesuai', 1, 1, 1, 0),
(1117, '2026-07-01 05:45:55', '598CB311', 1, 12, 1, 98, 'Terdaftar', 'Tidak Sesuai', 2, 1, 0, 0);

-- --------------------------------------------------------

--
-- Table structure for table `roles`
--

CREATE TABLE `roles` (
  `role_id` int(10) UNSIGNED NOT NULL,
  `nama_role` varchar(50) NOT NULL,
  `created_at` timestamp NULL DEFAULT current_timestamp(),
  `updated_at` timestamp NULL DEFAULT current_timestamp() ON UPDATE current_timestamp()
) ENGINE=InnoDB DEFAULT CHARSET=utf8mb4 COLLATE=utf8mb4_0900_ai_ci;

--
-- Dumping data for table `roles`
--

INSERT INTO `roles` (`role_id`, `nama_role`, `created_at`, `updated_at`) VALUES
(1, 'Administrator', '2026-05-30 06:47:05', '2026-05-30 06:47:05'),
(2, 'Petugas', '2026-05-30 06:47:05', '2026-05-30 06:47:05');

-- --------------------------------------------------------

--
-- Table structure for table `ruangan`
--

CREATE TABLE `ruangan` (
  `ruangan_id` int(10) UNSIGNED NOT NULL,
  `kode_ruangan` varchar(50) NOT NULL,
  `nama_ruangan` varchar(100) NOT NULL,
  `lokasi` varchar(150) DEFAULT NULL,
  `urutan_patroli` tinyint(3) UNSIGNED DEFAULT NULL,
  `aktif` tinyint(1) NOT NULL DEFAULT 1,
  `created_at` timestamp NULL DEFAULT current_timestamp(),
  `updated_at` timestamp NULL DEFAULT current_timestamp() ON UPDATE current_timestamp()
) ENGINE=InnoDB DEFAULT CHARSET=utf8mb4 COLLATE=utf8mb4_0900_ai_ci;

--
-- Dumping data for table `ruangan`
--

INSERT INTO `ruangan` (`ruangan_id`, `kode_ruangan`, `nama_ruangan`, `lokasi`, `urutan_patroli`, `aktif`, `created_at`, `updated_at`) VALUES
(1, 'T01', 'Titik 1', 'Area Depan Gerbang', 1, 1, '2026-05-31 04:12:17', '2026-06-04 11:17:31'),
(2, 'T02', 'Titik 2', 'Lobby Utama', 2, 1, '2026-05-31 04:12:17', '2026-06-04 11:17:31'),
(3, 'T03', 'Titik 3', 'Koridor Barat', 3, 1, '2026-05-31 04:12:17', '2026-06-04 11:17:31'),
(4, 'T04', 'Titik 4', 'Koridor Timur', 4, 1, '2026-05-31 04:12:17', '2026-06-04 11:17:31'),
(5, 'T05', 'Titik 5', 'Area Parkir', 5, 1, '2026-05-31 04:12:17', '2026-06-04 11:17:31'),
(6, 'T06', 'Titik 6', 'Gudang Belakang', 6, 1, '2026-05-31 04:12:17', '2026-06-04 11:17:31'),
(13, 'T07', 'tITIK8', 'GETSEMANI', 7, 1, '2026-06-30 19:44:52', '2026-06-30 19:44:52');

-- --------------------------------------------------------

--
-- Table structure for table `shift`
--

CREATE TABLE `shift` (
  `shift_id` int(11) NOT NULL,
  `nama_shift` enum('Pagi','Siang','Malam') DEFAULT NULL,
  `jam_mulai` time DEFAULT NULL,
  `jam_selesai` time DEFAULT NULL
) ENGINE=InnoDB DEFAULT CHARSET=utf8mb4 COLLATE=utf8mb4_0900_ai_ci;

--
-- Dumping data for table `shift`
--

INSERT INTO `shift` (`shift_id`, `nama_shift`, `jam_mulai`, `jam_selesai`) VALUES
(1, 'Pagi', '06:00:00', '14:00:00'),
(2, 'Siang', '14:00:00', '22:00:00'),
(3, 'Malam', '22:00:00', '06:00:00');

-- --------------------------------------------------------

--
-- Table structure for table `users`
--

CREATE TABLE `users` (
  `user_id` int(10) UNSIGNED NOT NULL,
  `username` varchar(100) NOT NULL,
  `password` varchar(255) NOT NULL,
  `nama_lengkap` varchar(150) NOT NULL,
  `foto_profile` varchar(255) DEFAULT NULL,
  `role_id` int(10) UNSIGNED NOT NULL,
  `status_aktif` enum('Aktif','Nonaktif') DEFAULT 'Aktif',
  `last_login` datetime DEFAULT NULL,
  `created_at` timestamp NULL DEFAULT current_timestamp(),
  `updated_at` timestamp NULL DEFAULT current_timestamp() ON UPDATE current_timestamp()
) ENGINE=InnoDB DEFAULT CHARSET=utf8mb4 COLLATE=utf8mb4_0900_ai_ci;

--
-- Dumping data for table `users`
--

INSERT INTO `users` (`user_id`, `username`, `password`, `nama_lengkap`, `foto_profile`, `role_id`, `status_aktif`, `last_login`, `created_at`, `updated_at`) VALUES
(6, 'andi.admin', '$2y$10$QYHvkQlwfKi90ex37U9MmemMLds1CxmlQLPB6CUj2bZthDMhXyGWe', 'Andi wijaya ku', '1780134719_e3efacfed13dc8e5696e.jpg', 1, 'Aktif', '2026-07-02 13:48:02', '2026-05-30 09:39:40', '2026-07-02 06:48:02'),
(7, 'citra.admin', '$2y$10$2CvlyMkQCPCoa9rfkmgL8.66WDKyOA6lY4rSDDGrQ8AYnXQFqrCIS', 'Citra Lestari', '1780531813_01bce900c8c24e864122.jpg', 1, 'Aktif', '2026-06-04 07:14:58', '2026-05-30 13:22:25', '2026-06-04 00:14:58'),
(8, 'budi.satpam', '$2y$10$SNtf1QdYxWJuei8Be2SMwexH.0uqbNHz4D7BIzaBFXME2o.CLo1S.', 'Budi Santoso', '1780151737_62cb7a7f3654744953ba.jpg', 2, 'Aktif', '2026-07-02 13:52:36', '2026-05-30 14:35:37', '2026-07-02 06:52:36'),
(9, 'agus.satpam', '$2y$10$P8GzMfCEiapqMOO/kXHH4eZKbRJ8gLcF8ssyhwbj/qYL8E2TmTv/6', 'Agus Wijaya', '1780151759_08248a9500c4452ef11b.jpg', 2, 'Aktif', '2026-06-08 16:41:35', '2026-05-30 14:35:59', '2026-06-08 09:41:35'),
(10, 'deddy.satpam', '$2y$10$iveupQ2loCuneSDvNhrhSOiV1YlYkcj4ZDUIDOsVCXzUd8TumiJ4C', 'Deddy Setiawan', '1780151825_d8581e20beb6a03fd3a9.jpg', 2, 'Aktif', NULL, '2026-05-30 14:37:05', '2026-05-30 14:37:11'),
(11, 'eko.satpam', '$2y$10$iPaF13CQ.MV4m.KPoQvFm.UbC2K6m7NkBGSprR/4NsYyTLWfF1Woa', 'Eko Prasetyo', '1780151851_afbae676f4f091f73bbc.jpg', 2, 'Aktif', NULL, '2026-05-30 14:37:31', '2026-05-30 14:37:43'),
(12, 'fajar.satpam', '$2y$10$21kuyRW5SgmGFA7lRWejcO/p6ICZnlOM8h..V4GDl1B/6qzB4.KAa', 'Fajar Nugroho', '1780151890_c580a6b3f047dfa84f67.jpg', 2, 'Aktif', '2026-06-07 19:50:46', '2026-05-30 14:38:10', '2026-06-07 12:50:46'),
(13, 'guntur.satpam', '$2y$10$upowqo0vRy8q5VT2xurCIedAXh2k6ZxoG56RweAQHLBcGHYSxPXVW', 'Guntur Ramadhan', '1780151913_4427b9882f44f1bbb51d.jpg', 2, 'Aktif', NULL, '2026-05-30 14:38:33', '2026-05-30 14:38:33'),
(14, 'hendra.satpam', '$2y$10$O3MgyGUIgbb/mJNToTbShuZBAFFGGh1ykO/Pj6omvsx88Y9vFGJrO', 'Hendra Kusuma', '1780151936_b5050a6fb09e56a41e9f.jpg', 2, 'Aktif', '2026-06-07 19:57:15', '2026-05-30 14:38:56', '2026-06-30 14:38:27'),
(15, 'indra.satpam', '$2y$10$rPf8gNfg6P8xZFFYfXvIaec9qy7MGmcBqyA0gHHv5n0aKhAl2ktZ2', 'Indra Lesmana', '1780151959_6fd5ef244d42287756c4.jpg', 2, 'Aktif', '2026-06-30 21:45:44', '2026-05-30 14:39:19', '2026-06-30 14:45:44');

--
-- Indexes for dumped tables
--

--
-- Indexes for table `jadwal_shift`
--
ALTER TABLE `jadwal_shift`
  ADD PRIMARY KEY (`jadwal_shift_id`),
  ADD KEY `shift_id` (`shift_id`),
  ADD KEY `fk_js_petugas1` (`petugas_1`),
  ADD KEY `fk_js_petugas2` (`petugas_2`),
  ADD KEY `idx_jadwal_shift_tanggal_status` (`tanggal`,`status_shift`);

--
-- Indexes for table `kartu_rfid`
--
ALTER TABLE `kartu_rfid`
  ADD PRIMARY KEY (`kartu_id`),
  ADD UNIQUE KEY `uid_rfid` (`uid_rfid`),
  ADD KEY `fk_kartu_user` (`user_id`);

--
-- Indexes for table `log_sistem`
--
ALTER TABLE `log_sistem`
  ADD PRIMARY KEY (`log_id`),
  ADD KEY `fk_log_user` (`user_id`);

--
-- Indexes for table `patroli_hasil`
--
ALTER TABLE `patroli_hasil`
  ADD PRIMARY KEY (`id`),
  ADD UNIQUE KEY `uq_patroli_hasil` (`jadwal_shift_id`,`petugas_id`,`tanggal`,`patroli_ke`),
  ADD KEY `jadwal_shift_id` (`jadwal_shift_id`),
  ADD KEY `petugas_id` (`petugas_id`);

--
-- Indexes for table `patroli_lcs_log`
--
ALTER TABLE `patroli_lcs_log`
  ADD PRIMARY KEY (`id`),
  ADD KEY `patroli_hasil_id` (`patroli_hasil_id`);

--
-- Indexes for table `patroli_titik_terlewat`
--
ALTER TABLE `patroli_titik_terlewat`
  ADD PRIMARY KEY (`id`),
  ADD KEY `patroli_hasil_id` (`patroli_hasil_id`),
  ADD KEY `ruangan_id` (`ruangan_id`);

--
-- Indexes for table `perangkat_rfid`
--
ALTER TABLE `perangkat_rfid`
  ADD PRIMARY KEY (`alat_id`),
  ADD UNIQUE KEY `kode_perangkat` (`kode_perangkat`),
  ADD KEY `fk_perangkat_ruangan` (`ruangan_id`),
  ADD KEY `idx_perangkat_status_online` (`status_perangkat`,`last_online`);

--
-- Indexes for table `rfid_tap`
--
ALTER TABLE `rfid_tap`
  ADD PRIMARY KEY (`tap_id`),
  ADD KEY `idx_waktu` (`waktu_tap`),
  ADD KEY `idx_uid` (`uid_rfid`),
  ADD KEY `idx_alat` (`alat_id`),
  ADD KEY `idx_user` (`user_id`),
  ADD KEY `idx_shift` (`jadwal_shift_id`),
  ADD KEY `idx_jenis_status` (`jenis`,`status_validasi`),
  ADD KEY `fk_tap_ruangan` (`ruangan_id`);

--
-- Indexes for table `roles`
--
ALTER TABLE `roles`
  ADD PRIMARY KEY (`role_id`);

--
-- Indexes for table `ruangan`
--
ALTER TABLE `ruangan`
  ADD PRIMARY KEY (`ruangan_id`),
  ADD UNIQUE KEY `kode_ruangan` (`kode_ruangan`);

--
-- Indexes for table `shift`
--
ALTER TABLE `shift`
  ADD PRIMARY KEY (`shift_id`);

--
-- Indexes for table `users`
--
ALTER TABLE `users`
  ADD PRIMARY KEY (`user_id`),
  ADD UNIQUE KEY `username` (`username`),
  ADD KEY `fk_users_roles` (`role_id`);

--
-- AUTO_INCREMENT for dumped tables
--

--
-- AUTO_INCREMENT for table `jadwal_shift`
--
ALTER TABLE `jadwal_shift`
  MODIFY `jadwal_shift_id` int(10) UNSIGNED NOT NULL AUTO_INCREMENT, AUTO_INCREMENT=100;

--
-- AUTO_INCREMENT for table `kartu_rfid`
--
ALTER TABLE `kartu_rfid`
  MODIFY `kartu_id` int(10) UNSIGNED NOT NULL AUTO_INCREMENT, AUTO_INCREMENT=10;

--
-- AUTO_INCREMENT for table `log_sistem`
--
ALTER TABLE `log_sistem`
  MODIFY `log_id` bigint(20) UNSIGNED NOT NULL AUTO_INCREMENT;

--
-- AUTO_INCREMENT for table `patroli_hasil`
--
ALTER TABLE `patroli_hasil`
  MODIFY `id` bigint(20) UNSIGNED NOT NULL AUTO_INCREMENT, AUTO_INCREMENT=256;

--
-- AUTO_INCREMENT for table `patroli_lcs_log`
--
ALTER TABLE `patroli_lcs_log`
  MODIFY `id` bigint(20) UNSIGNED NOT NULL AUTO_INCREMENT, AUTO_INCREMENT=270;

--
-- AUTO_INCREMENT for table `patroli_titik_terlewat`
--
ALTER TABLE `patroli_titik_terlewat`
  MODIFY `id` bigint(20) UNSIGNED NOT NULL AUTO_INCREMENT, AUTO_INCREMENT=510;

--
-- AUTO_INCREMENT for table `perangkat_rfid`
--
ALTER TABLE `perangkat_rfid`
  MODIFY `alat_id` int(10) UNSIGNED NOT NULL AUTO_INCREMENT, AUTO_INCREMENT=8;

--
-- AUTO_INCREMENT for table `rfid_tap`
--
ALTER TABLE `rfid_tap`
  MODIFY `tap_id` bigint(20) UNSIGNED NOT NULL AUTO_INCREMENT, AUTO_INCREMENT=1118;

--
-- AUTO_INCREMENT for table `roles`
--
ALTER TABLE `roles`
  MODIFY `role_id` int(10) UNSIGNED NOT NULL AUTO_INCREMENT, AUTO_INCREMENT=3;

--
-- AUTO_INCREMENT for table `ruangan`
--
ALTER TABLE `ruangan`
  MODIFY `ruangan_id` int(10) UNSIGNED NOT NULL AUTO_INCREMENT, AUTO_INCREMENT=14;

--
-- AUTO_INCREMENT for table `shift`
--
ALTER TABLE `shift`
  MODIFY `shift_id` int(11) NOT NULL AUTO_INCREMENT, AUTO_INCREMENT=7;

--
-- AUTO_INCREMENT for table `users`
--
ALTER TABLE `users`
  MODIFY `user_id` int(10) UNSIGNED NOT NULL AUTO_INCREMENT, AUTO_INCREMENT=17;

--
-- Constraints for dumped tables
--

--
-- Constraints for table `jadwal_shift`
--
ALTER TABLE `jadwal_shift`
  ADD CONSTRAINT `fk_js_petugas1` FOREIGN KEY (`petugas_1`) REFERENCES `users` (`user_id`),
  ADD CONSTRAINT `fk_js_petugas2` FOREIGN KEY (`petugas_2`) REFERENCES `users` (`user_id`);

--
-- Constraints for table `kartu_rfid`
--
ALTER TABLE `kartu_rfid`
  ADD CONSTRAINT `fk_kartu_user` FOREIGN KEY (`user_id`) REFERENCES `users` (`user_id`) ON DELETE SET NULL;

--
-- Constraints for table `log_sistem`
--
ALTER TABLE `log_sistem`
  ADD CONSTRAINT `fk_log_user` FOREIGN KEY (`user_id`) REFERENCES `users` (`user_id`);

--
-- Constraints for table `patroli_hasil`
--
ALTER TABLE `patroli_hasil`
  ADD CONSTRAINT `patroli_hasil_ibfk_1` FOREIGN KEY (`jadwal_shift_id`) REFERENCES `jadwal_shift` (`jadwal_shift_id`) ON DELETE CASCADE,
  ADD CONSTRAINT `patroli_hasil_ibfk_2` FOREIGN KEY (`petugas_id`) REFERENCES `users` (`user_id`) ON DELETE CASCADE;

--
-- Constraints for table `patroli_lcs_log`
--
ALTER TABLE `patroli_lcs_log`
  ADD CONSTRAINT `patroli_lcs_log_ibfk_1` FOREIGN KEY (`patroli_hasil_id`) REFERENCES `patroli_hasil` (`id`) ON DELETE CASCADE;

--
-- Constraints for table `patroli_titik_terlewat`
--
ALTER TABLE `patroli_titik_terlewat`
  ADD CONSTRAINT `patroli_titik_terlewat_ibfk_1` FOREIGN KEY (`patroli_hasil_id`) REFERENCES `patroli_hasil` (`id`) ON DELETE CASCADE,
  ADD CONSTRAINT `patroli_titik_terlewat_ibfk_2` FOREIGN KEY (`ruangan_id`) REFERENCES `ruangan` (`ruangan_id`) ON DELETE CASCADE;

--
-- Constraints for table `perangkat_rfid`
--
ALTER TABLE `perangkat_rfid`
  ADD CONSTRAINT `fk_perangkat_ruangan` FOREIGN KEY (`ruangan_id`) REFERENCES `ruangan` (`ruangan_id`);

--
-- Constraints for table `rfid_tap`
--
ALTER TABLE `rfid_tap`
  ADD CONSTRAINT `fk_tap_alat` FOREIGN KEY (`alat_id`) REFERENCES `perangkat_rfid` (`alat_id`),
  ADD CONSTRAINT `fk_tap_ruangan` FOREIGN KEY (`ruangan_id`) REFERENCES `ruangan` (`ruangan_id`) ON DELETE SET NULL,
  ADD CONSTRAINT `fk_tap_shift` FOREIGN KEY (`jadwal_shift_id`) REFERENCES `jadwal_shift` (`jadwal_shift_id`) ON DELETE SET NULL,
  ADD CONSTRAINT `fk_tap_user` FOREIGN KEY (`user_id`) REFERENCES `users` (`user_id`) ON DELETE SET NULL;

--
-- Constraints for table `users`
--
ALTER TABLE `users`
  ADD CONSTRAINT `fk_users_roles` FOREIGN KEY (`role_id`) REFERENCES `roles` (`role_id`);
COMMIT;

/*!40101 SET CHARACTER_SET_CLIENT=@OLD_CHARACTER_SET_CLIENT */;
/*!40101 SET CHARACTER_SET_RESULTS=@OLD_CHARACTER_SET_RESULTS */;
/*!40101 SET COLLATION_CONNECTION=@OLD_COLLATION_CONNECTION */;
